USE microgreens_db;

INSERT INTO restaurant (restaurant_name, street_num, street_name, city, state, zip_code, is_active) VALUES
    ('Capo', 443, 'W Broadway', 'Boston', 'MA', '02127', TRUE),
    ('Hunters (Hunter’s Kitchen & Bar)', 110, 'Dorchester St', 'Boston', 'MA', '02127', TRUE),
    ('Fat Baby', 118, 'Dorchester St', 'Boston', 'MA', '02127', TRUE),
    ('Loco (Loco Taqueria & Oyster Bar)', 412, 'W Broadway', 'Boston', 'MA', '02127', TRUE),
    ('224 Boston', 224, 'Boston St', 'Dorchester', 'MA', '02125', TRUE),
    ('Petula’s', 81, 'L St', 'Boston', 'MA', '02127', TRUE),
    ('TA', 21, 'Drydock Ave', 'Boston', 'MA', '02210', TRUE),
    ('Coquette', 450, 'Summer St', 'Boston', 'MA', '02210', TRUE),
    ('Mr. H', 225, 'Northern Ave', 'Boston', 'MA', '02210', TRUE),
    ('Ocean Prime', 140, 'Seaport Blvd', 'Boston', 'MA', '02210', TRUE),
    ('Nautilus', 300, 'Pier 4 Boulevard', 'Boston', 'MA', '02210', TRUE),
    ('Woods Hill Pier 4', 300, 'Pier 4 Boulevard', 'Boston', 'MA', '02210', TRUE),
    ('Hook & Line', 10, 'Fan Pier Boulevard', 'Boston', 'MA', '02210', TRUE),
    ('Davio’s Seaport', 26, 'Fan Pier Boulevard', 'Boston', 'MA', '02210', TRUE),
    ('Serafina Seaport', 11, 'Fan Pier Boulevard', 'Boston', 'MA', '02210', TRUE),
    ('Trillium Brewing Company', 50, 'Thomson PI', 'Boston', 'MA', '02210', TRUE),
    ('Trade', 540, 'Atlantic Ave', 'Boston', 'MA', '02210', TRUE),
    ('O Ya', 9, 'E Street', 'Boston', 'MA', '02111', TRUE),
    ('Baleia', 264, 'E Berkeley Street', 'Boston', 'MA', '02118', TRUE),
    ('Fuji at Ink Block', 352, 'Harrison Ave', 'Boston', 'MA', '02118', TRUE),
    ('Oishii', 856, 'Boylston St', 'Boston', 'MA', '02199', TRUE),
    ('311', 311, 'Tremont St', 'Boston', 'MA', '02118', TRUE),
    ('Frenchie', 560, 'Tremont St', 'Boston', 'MA', '02118', TRUE),
    ('Kaia South End', 15, 'Appleton St', 'Boston', 'MA', '02116', TRUE),
    ('Shore Leave', 11, 'Shawmut Ave', 'Boston', 'MA', '02118', TRUE),
    ('SRV', 569, 'Columbus Ave', 'Boston', 'MA', '02118', TRUE),
    ('Gigi', 28, 'Union Park', 'Boston', 'MA', '02118', TRUE),
    ('Douzo', 131, 'Dartmouth St', 'Boston', 'MA', '02116', TRUE),
    ('Porto', 160, 'Massachusetts Ave', 'Boston', 'MA', '02115', TRUE),
    ('Zuma', 1, 'Dalton St', 'Boston', 'MA', '02115', TRUE),
    ('Little Donkey', 505, 'Mass Ave', 'Cambridge', 'MA', '02139', TRUE),
    ('Pammy''s', 928, 'Mass Ave', 'Cambridge', 'MA', '02139', TRUE),
    ('Catalyst', 300, 'Technology Sq', 'Cambridge', 'MA', '02139', TRUE),
    ('Glass House', 450, 'Kendall St', 'Cambridge', 'MA', '02142', TRUE),
    ('Nagomi', 108, 'Newbury St', 'Boston', 'MA', '02116', TRUE),
    ('Loco Fenway', 70, 'Brookline Ave', 'Boston', 'MA', '02215', TRUE),
    ('Hotel Commonwealth', 500, 'Commonwealth Ave', 'Boston', 'MA', '02215', TRUE),
    ('Deuxave', 371, 'Commonwealth Ave', 'Boston', 'MA', '02115', TRUE),
    ('Uni', 370, 'Commonwealth Ave', 'Boston', 'MA', '02115', TRUE),
    ('City Table', 65, 'Exeter St', 'Boston', 'MA', '02116', TRUE),
    ('Typhoon', 300, 'Newbury St', 'Boston', 'MA', '02116', TRUE),
    ('Saltie Girl', 281, 'Dartmouth St', 'Boston', 'MA', '02116', TRUE),
    ('La Voile', 261, 'Newbury St', 'Boston', 'MA', '02116', TRUE),
    ('Krasi', 48, 'Gloucester St', 'Boston', 'MA', '02115', TRUE),
    ('Rochambeau', 900, 'Boylston St', 'Boston', 'MA', '02115', TRUE),
    ('La Padrona', 470, 'Summer St', 'Boston', 'MA', '02210', TRUE),
    ('The Banks Seafood', 441, 'Stuart St', 'Boston', 'MA', '02116', TRUE),
    ('Davio’s Arlington', 75, 'Arlington St', 'Boston', 'MA', '02116', TRUE),
    ('Bistro du Midi', 272, 'Boylston St', 'Boston', 'MA', '02116', TRUE),
    ('Ruka', 505, 'Washington St', 'Boston', 'MA', '02111', TRUE),
    ('Yvonne’s', 2, 'Winter Pl', 'Boston', 'MA', '02108', TRUE),
    ('Mariel', 10, 'Post Office Sq', 'Boston', 'MA', '02109', TRUE),
    ('The Oceanaire', 40, 'Court St', 'Boston', 'MA', '02108', TRUE),
    ('Caveau', 120, 'Newbury St', 'Boston', 'MA', '02116', TRUE),
    ('Mamma Maria', 3, 'North Sq', 'Boston', 'MA', '02113', TRUE),
    ('Hobson’s Allston', 180, 'Brighton Ave', 'Boston', 'MA', '02134', TRUE),
    ('Thaiger Den', 178, 'Harvard Ave', 'Boston', 'MA', '02134', TRUE),
    ('Harvest', 44, 'Brattle St', 'Cambridge', 'MA', '02138', TRUE),
    ('Dovetail Charlestown', 20, 'Main St', 'Charlestown', 'MA', '02129', TRUE),
    ('Prima', 5, 'Austin St', 'Charlestown', 'MA', '02129', TRUE),
    ('Brewer’s Fork', 171, 'Medford St', 'Charlestown', 'MA', '02129', TRUE),
    ('The Block', 90, 'Main St', 'Charlestown', 'MA', '02129', TRUE),
    ('Row 34', 383, 'Congress St', 'Boston', 'MA', '02210', TRUE),
    ('Capri Italian Steakhouse', 500, 'Northern Ave', 'Boston', 'MA', '02210', TRUE),
    ('Ilona', 579, 'Tremont St', 'Boston', 'MA', '02118', TRUE),
    ('1928', 7, 'Eliot St', 'Cambridge', 'MA', '02138', TRUE),
    ('Essex Restaurant & Sky Lounge', 20, 'Essex St', 'Boston', 'MA', '02111', TRUE),
    ('Cafe Sushi', 1105, 'Mass Ave', 'Cambridge', 'MA', '02138', TRUE),
    ('Nine Restaurant', 9, 'Beach St', 'Boston', 'MA', '02111', TRUE),
    ('Wa Shin', 58, 'Kneeland St', 'Boston', 'MA', '02111', TRUE),
    ('Asta', 47, 'Massachusetts Ave', 'Boston', 'MA', '02115', TRUE);

INSERT INTO contact_info (restaurant_id, email, first_name, last_name, phone) VALUES
    (1, 'maria.rossi@caposouthboston.test', 'Maria', 'Rossi', '(617) 993-8080'),
    (2, 'jordan.price@huntersboston.test', 'Jordan', 'Price', '(617) 221-4200'),
    (2, 'sam.lee@huntersboston.test', 'Sam', 'Lee', '(617) 221-4200'),
    (3, 'casey.nguyen@fatbabysouthboston.test', 'Casey', 'Nguyen', '(617) 766-3450'),
    (4, 'alex.rivera@locosouthboston.test', 'Alex', 'Rivera', '(617) 917-5626'),
    (4, 'priya.shah@locosouthboston.test', 'Priya', 'Shah', '(617) 917-5626'),
    (5, 'dana.collins@224boston.test', 'Dana', 'Collins', '(617) 265-1217'),
    (6, 'riley.morgan@petulasboston.test', 'Riley', 'Morgan', '(617) 752-4531'),
    (7, 'taylor.brooks@chickadeeboston.test', 'Taylor', 'Brooks', '(617) 531-5591'),
    (8, 'elise.romano@coquetteboston.test', 'Elise', 'Romano', '(617) 882-0090'),
    (9, 'noah.chen@mrhchinese.test', 'Noah', 'Chen', '(617) 458-8008'),
    (9, 'jamie.park@mrhchinese.test', 'Jamie', 'Park', '(617) 458-8008'),
    (10, 'lauren.bishop@oceanprimeboston.test', 'Lauren', 'Bishop', '(617) 670-1345'),
    (11, 'morgan.lee@nautilusboston.test', 'Morgan', 'Lee', '(857) 957-0998'),
    (12, 'erin.foster@woodshillpier4.test', 'Erin', 'Foster', '(617) 981-4577'),
    (13, 'carlos.diaz@hookandlineboston.test', 'Carlos', 'Diaz', '(617) 860-6003'),
    (14, 'amanda.chen@daviosseaport.test', 'Amanda', 'Chen', '(617) 261-4810'),
    (15, 'victor.russo@serafinaseaport.test', 'Victor', 'Russo', '(617) 426-1234'),
    (16, 'hannah.clarke@trilliumseaport.test', 'Hannah', 'Clarke', '(857) 449-0083'),
    (17, 'jordan.singh@tradeboston.test', 'Jordan', 'Singh', '(617) 451-1234'),
    (18, 'naomi.park@oya.boston.test', 'Naomi', 'Park', '(617) 654-9900'),
    (19, 'miguel.silva@baleiaboston.test', 'Miguel', 'Silva', '(617) 505-3243'),
    (20, 'olivia.moore@fujiinkblock.test', 'Olivia', 'Moore', '(617) 936-3282'),
    (21, 'haru.w@oishiiboston.test', 'Haru', 'Watanabe', '(617) 555-0821'),
    (22, 'daniel.reyes@311boston.test', 'Daniel', 'Reyes', '(617) 555-3110'),
    (23, 'elise.laurent@frenchie.test', 'Elise', 'Laurent', '(617) 555-7632'),
    (24, 'marcus.yates@kaia.test', 'Marcus', 'Yates', '(617) 555-9092'),
    (25, 'tara.f@shoreleave.test', 'Tara', 'Flynn', '(617) 555-4433'),
    (26, 'luca.b@srvboston.test', 'Luca', 'Benetti', '(617) 555-2974'),
    (27, 'sophie.grant@gigiboston.test', 'Sophie', 'Grant', '(617) 555-7711'),
    (28, 'ken.n@douzoboston.test', 'Ken', 'Nakamura', '(617) 555-8023'),
    (29, 'isabella.c@portoboston.test', 'Isabella', 'Costa', '(617) 555-4678'),
    (30, 'adrian.s@zuma.test', 'Adrian', 'Shaw', '(617) 555-0204'),
    (31, 'emma@littledonkey.test', 'Emma', 'Duarte', '(617) 555-5501'),
    (32, 'julian@pammys.test', 'Julian', 'Reed', '(617) 555-1119'),
    (33, 'mei.tan@catalyst.test', 'Mei', 'Tan', '(617) 555-0042'),
    (34, 'brian.cole@glasshouse.test', 'Brian', 'Cole', '(617) 555-8830'),
    (35, 'hana.m@nagomi.test', 'Hana', 'Minami', '(617) 555-2094'),
    (36, 'leo@locofenway.test', 'Leo', 'Carver', '(617) 555-4410'),
    (37, 'natalie@hotelcommonwealth.test', 'Natalie', 'OHara', '(617) 555-3100'),
    (38, 'pierre@deuxave.test', 'Pierre', 'Morel', '(617) 555-8803'),
    (39, 'keiko@uniboston.test', 'Keiko', 'Fujita', '(617) 555-7722'),
    (40, 'rachel.moore@citytable.test', 'Rachel', 'Moore', '(617) 555-4700'),
    (41, 'colin.b@typhoon.test', 'Colin', 'Bryce', '(617) 555-7211'),
    (42, 'vanessa.k@saltiegirl.test', 'Vanessa', 'King', '(617) 555-9083'),
    (43, 'arnaud@lavoile.test', 'Arnaud', 'Lefevre', '(617) 555-0049'),
    (44, 'dimitri@krasi.test', 'Dimitri', 'Anastos', '(617) 555-8870'),
    (45, 'camille@rochambeau.test', 'Camille', 'Roux', '(617) 555-6620'),
    (46, 'serena.v@lapadrona.test', 'Serena', 'Velanti', '(617) 555-3302'),
    (47, 'max.d@thebanks.test', 'Max', 'Donovan', '(617) 555-7071'),
    (48, 'olivia.p@daviosarlington.test', 'Olivia', 'Porter', '(617) 555-8831'),
    (49, 'marcel@bistrodu.test', 'Marcel', 'Boucher', '(617) 555-1020'),
    (50, 'alina.c@rukaboston.test', 'Alina', 'Cortez', '(617) 555-9925'),
    (51, 'chloe@yvonnes.test', 'Chloe', 'Martin', '(617) 555-8201'),
    (52, 'rafael@mariel.test', 'Rafeal', 'Torres', '(617) 555-4930'),
    (53, 'madeline@oceanaire.test', 'Madeline', 'Shaw', '(617) 555-6612'),
    (54, 'andre@caveauboston.test', 'Andre', 'Pascal', '(617) 555-7831'),
    (55, 'sofia.romano@mammamaria.test', 'Sofia', 'Romano', '(617) 555-0147'),
    (56, 'tyler@hobsons.test', 'Tyler', 'Khan', '(617) 555-9022'),
    (57, 'nisha@thaigerden.test', 'Nisha', 'Boon', '(617) 555-7440'),
    (58, 'patrick@harvest.test', 'Patrick', 'Lane', '(617) 555-2014'),
    (59, 'sabrina@dovetail.test', 'Sabrina', 'Mills', '(617) 555-9871'),
    (60, 'victor@primaboston.test', 'Victor', 'Almeida', '(617) 555-6320'),
    (61, 'jenna@brewersfork.test', 'Jenna', 'Caruso', '(617) 555-3741'),
    (62, 'eric@theblock.test', 'Eric', 'DeMarco', '(617) 555-9091'),
    (63, 'katie@row34.test', 'Katie', 'Mills', '(617) 555-3488'),
    (64, 'luca@capristeak.test', 'Luca', 'Moretti', '(617) 555-7719'),
    (65, 'mila@ilona.test', 'Mila', 'Kirova', '(617) 555-2983'),
    (66, 'trevor@1928cambridge.test', 'Trevor', 'Shaw', '(617) 555-1928'),
    (67, 'raven@essexboston.test', 'Raven', 'Brooks', '(617) 555-6604'),
    (68, 'kenji@cafesushi.test', 'Kenji', 'Yamamoto', '(617) 555-6284'),
    (69, 'vivian@nine.test', 'Vivian', 'Wong', '(617) 555-0909'),
    (70, 'rika@washin.test', 'Rika', 'Sato', '(617) 555-7402'),
    (71, 'tobias.grant@asta.test', 'Tobias', 'Grant', '(617) 555-4127');

INSERT INTO employee (ssn, first_name, last_name, email, title, is_active) VALUES
	('512-83-4091', 'Ava', 'Reynolds', 'ava.reynolds@microgreens.boston', 'CEO', TRUE),
	('239-51-7180', 'Liam', 'Carter', 'liam.carter@microgreens.boston', 'Farm Manager', TRUE),
	('684-16-9335', 'Maya', 'Thompson', 'maya.thompson@microgreens.boston', 'Operations Manager', TRUE),
	('401-72-5829', 'Ethan', 'Morales', 'ethan.morales@microgreens.boston', 'Plant Scientist', TRUE),
	('159-63-0442', 'Sofia', 'Bennett', 'sofia.bennett@microgreens.boston', 'Crop Associate', TRUE),
	('773-25-9014', 'Noah', 'Patel', 'noah.patel@microgreens.boston', 'Crop Associate', TRUE),
	('328-90-5573', 'Julian', 'Brook', 'julian.brook@microgreens.boston', 'Delivery Driver', TRUE),
	('546-12-7820', 'Chloe', 'Kim', 'chloe.kim@microgreens.boston', 'Sanitaion Associate', TRUE),
	('817-45-9123', 'Jason', 'Gonzalez', 'jason.gonzalez@microgreens.boston', 'Sales Associate', TRUE),
	('917-65-9810', 'Michael', 'Aaronson', 'michael.aaronson@microgreens.boston', 'Sales Associate', TRUE);

INSERT INTO delivery (delivery_date, delivery_status, employee_id) VALUES
	('2025-12-02', 'scheduled', 7),
	('2025-12-03', 'scheduled', 7),
	('2025-12-05', 'scheduled', 7),
	('2025-12-09', 'scheduled', 7),
	('2025-12-10', 'scheduled', 7),
	('2025-12-12', 'scheduled', 7),
	('2025-12-16', 'scheduled', 7),
	('2025-12-17', 'scheduled', 7),
	('2025-12-19', 'scheduled', 7),
	('2025-12-23', 'scheduled', 7),
	('2025-12-24', 'scheduled', 7),
	('2025-12-26', 'scheduled', 7),
	('2025-12-30', 'scheduled', 7),
	('2025-12-31', 'scheduled', 7),
	('2026-01-02', 'scheduled', 7),
	('2026-01-06', 'scheduled', 7),
	('2026-01-07', 'scheduled', 7),
	('2026-01-09', 'scheduled', 7),
	('2026-01-13', 'scheduled', 7),
	('2026-01-14', 'scheduled', 7),
	('2026-01-16', 'scheduled', 7),
	('2026-01-20', 'scheduled', 7),
	('2026-01-21', 'scheduled', 7),
	('2026-01-23', 'scheduled', 7),
	('2026-01-27', 'scheduled', 7),
	('2026-01-28', 'scheduled', 7),
	('2026-01-30', 'scheduled', 7);

INSERT INTO packaging (size_type) VALUES
	('Small'),
	('Large'),
	('5" Live Tray'),
	('10" Live Tray'),
	('20" Live Tray'),
	('Tote');

INSERT INTO product (product_id, product_name, weight_grams, is_active, package_id) VALUES
	(101, 'Amaranth', 43, TRUE, 1),
	(102, 'Amaranth', 85, TRUE, 2),
	(103, 'Amaranth', NULL, TRUE, 5),
	(104, 'Anise Hyssop', 43, TRUE, 1),
	(105, 'Anise Hyssop', 85, TRUE, 2),
	(106, 'Anise Hyssop', NULL, TRUE, 5),
	(107, 'Arugula', 85, TRUE, 1),
	(108, 'Arugula', 170, TRUE, 2),
	(109, 'Arugula', NULL, TRUE, 5),
	(110, 'Basil, Genovese', 57, TRUE, 1),
	(111, 'Basil, Genovese', 113, TRUE, 2),
	(112, 'Basil, Genovese', NULL, TRUE, 5),
	(113, 'Basil, Thai', 57, TRUE, 1),
	(114, 'Basil, Thai', 113, TRUE, 2),
	(115, 'Basil, Thai', NULL, TRUE, 5),
	(116, 'Beets, Bulls Blood', 85, TRUE, 1),
	(117, 'Beets, Bulls Blood', 170, TRUE, 2),
	(118, 'Borage', 85, TRUE, 1),
	(119, 'Borage', 170, TRUE, 2),
	(120, 'Borage', NULL, TRUE, 5),
	(121, 'Broccoli', 85, TRUE, 1),
	(122, 'Broccoli', 170, TRUE, 2),
	(123, 'Broccoli', NULL, TRUE, 5),
	(124, 'Cabbage', 85, TRUE, 1),
	(125, 'Cabbage', 170, TRUE, 2),
	(126, 'Cabbage', NULL, TRUE, 5),
	(127, 'Celery', 50, TRUE, 1),
	(128, 'Celery', 99, TRUE, 2),
	(129, 'Celery', NULL, TRUE, 5),
	(130, 'Chervil', 43, TRUE, 1),
	(131, 'Chervil', 85, TRUE, 2),
	(132, 'Chive', 57, TRUE, 1),
	(133, 'Chive', 113, TRUE, 2),
	(134, 'Cilantro', 71, TRUE, 1),
	(135, 'Cilantro', 142, TRUE, 2),
	(136, 'Cilantro', NULL, TRUE, 5),
	(137, 'Dill', 43, FALSE, 1),
	(138, 'Dill', 85, FALSE, 2),
	(139, 'Fennel, Bronze', 57, TRUE, 1),
	(140, 'Fennel, Bronze', 113, TRUE, 2),
	(141, 'Fennel, Bronze', NULL, TRUE, 5),
	(142, 'Fennel, Green', 57, TRUE, 1),
	(143, 'Fennel, Green', 113, TRUE, 2),
	(144, 'Kale', 85, TRUE, 1),
	(145, 'Kale', 170, TRUE, 2),
	(146, 'Kale', NULL, TRUE, 5),
	(147, 'Lemon Balm', 43, TRUE, 1),
	(148, 'Lemon Balm', 85, TRUE, 2),
	(149, 'Lemon Balm', NULL, TRUE, 5),
	(150, 'Mustard, Green Mizuna', 85, TRUE, 1),
	(151, 'Mustard, Green Mizuna', 170, TRUE, 2),
	(152, 'Mustard, Green Mizuna', NULL, TRUE, 5),
	(153, 'Mustard, Purple Mizuna', 85, TRUE, 1),
	(154, 'Mustard, Purple Mizuna', 170, TRUE, 2),
	(155, 'Mustard, Purple Mizuna', NULL, TRUE, 5),
	(156, 'Mustard, Ruby Streak', 85, TRUE, 1),
	(157, 'Mustard, Ruby Streak', 170, TRUE, 2),
	(158, 'Mustard, Ruby Streak', NULL, TRUE, 5),
	(159, 'Mustard, Scarlet Frills', 85, TRUE, 1),
	(160, 'Mustard, Scarlet Frills', 170, TRUE, 2),
	(161, 'Mustard, Scarlet Frills', NULL, TRUE, 5),
	(162, 'Mustard, Wasabi', 71, TRUE, 1),
	(163, 'Mustard, Wasabi', 142, TRUE, 2),
	(164, 'Mustard, Wasabi', NULL, TRUE, 5),
	(165, 'Nasturtium', 50, TRUE, 1),
	(166, 'Nasturtium', 99, TRUE, 2),
	(167, 'Nasturtium', NULL, TRUE, 5),
	(168, 'Nasturtium', NULL, TRUE, 4),
	(169, 'Pac Choi', 85, FALSE, 1),
	(170, 'Pac Choi', 170, FALSE, 2),
	(171, 'Parsley', 43, TRUE, 1),
	(172, 'Parsley', 85, TRUE, 2),
	(173, 'Parsley', NULL, TRUE, 5),
	(174, 'Pea, Dwarf', 71, TRUE, 1),
	(175, 'Pea, Dwarf', 142, TRUE, 2),
	(176, 'Pea, Dwarf', NULL, TRUE, 5),
	(177, 'Pea, Dwarf', 425, TRUE, 6),
	(178, 'Pea, Tendril', 71, TRUE, 1),
	(179, 'Pea, Tendril', 142, TRUE, 2),
	(180, 'Pea, Tendril', NULL, TRUE, 5),
	(181, 'Popcorn Shoots', 113, TRUE, 1),
	(182, 'Popcorn Shoots', 227, TRUE, 2),
	(183, 'Popcorn Shoots', NULL, TRUE, 5),
	(184, 'Popcorn Shoots', NULL, TRUE, 4),
	(185, 'Radish Mix', 113, TRUE, 1),
	(186, 'Radish Mix', 227, TRUE, 2),
	(187, 'Radish Mix', NULL, TRUE, 5),
	(188, 'Radish, Hong Vit', 113, TRUE, 1),
	(189, 'Radish, Hong Vit', 227, TRUE, 2),
	(190, 'Radish, Hong Vit', NULL, TRUE, 5),
	(191, 'Radish, Kaiware', 113, TRUE, 1),
	(192, 'Radish, Kaiware', 227, TRUE, 2),
	(193, 'Radish, Kaiware (Long Stem)', NULL, TRUE, 2),
	(194, 'Radish, Kaiware', NULL, TRUE, 3),
	(195, 'Radish, Kaiware', NULL, TRUE, 5),
	(196, 'Radish, Sango', 113, TRUE, 1),
	(197, 'Radish, Sango', 227, TRUE, 2),
	(198, 'Radish, Sango', NULL, TRUE, 5),
	(199, 'Shiso, Green', 50, TRUE, 1),
	(200, 'Shiso, Green', 99, TRUE, 2),
	(201, 'Shiso, Green', NULL, TRUE, 5),
	(202, 'Shiso, Red', 50, TRUE, 1),
	(203, 'Shiso, Red', 99, TRUE, 2),
	(204, 'Shiso, Red', NULL, TRUE, 5),
	(205, 'Shungiku', 85, TRUE, 1),
	(206, 'Shungiku', 170, TRUE, 2),
	(229, 'Shungiku', NULL, TRUE, 5),
	(207, 'Sorrel, Red Veined', 57, TRUE, 1),
	(208, 'Sorrel, Red Veined', 113, TRUE, 2),
	(209, 'Sorrel, Red Veined', NULL, TRUE, 5),
	(210, 'Sunflower', 113, TRUE, 1),
	(211, 'Sunflower', 227, TRUE, 2),
	(212, 'Sunflower', NULL, TRUE, 5),
	(213, 'Swiss Chard', 85, TRUE, 1),
	(214, 'Swiss Chard', 170, TRUE, 2),
	(215, 'Tahoon', 43, TRUE, 1),
	(216, 'Tahoon', 85, TRUE, 2),
	(217, 'Tahoon', NULL, TRUE, 4),
	(218, 'Tokyo Onion', 57, TRUE, 1),
	(219, 'Tokyo Onion', 113, TRUE, 2),
	(220, 'Tokyo Onion', NULL, TRUE, 5),
	(221, 'Rainbow Mix', 113, TRUE, 1),
	(222, 'Rainbow Mix', 227, TRUE, 2),
	(223, 'Nutrition Mix', 113, TRUE, 1),
	(224, 'Nutrition Mix', 227, TRUE, 2),
	(225, 'Nutrition Mix', 3175, TRUE, 6),
	(226, 'Passion Mix', 170, TRUE, 2),
	(227, 'Capo Mix', 1021, FALSE, 6),
	(228, 'Davio''s Mix', 907, TRUE, 6);

INSERT INTO crop (
    crop_name, seed_type, sow_rate, overnight_soak,
    germination_type, days_direct_light, days_indirect_light,
    rack_grow_days, yield_per_tray
) VALUES
	('Amaranth', 'Amaranth, Red Garnet', 4.00, FALSE, 'domed', 0, 3, 7, 57),
	('Anise Hyssop', 'Anise Hyssop, Herb Seed', 1.50, FALSE, 'domed', 3, 3, 22, 85),
	('Arugula', 'Arugula, Slow Bolt', 6.00, FALSE, 'stacked', 0, 3, 10, 91),
	('Basil, Genovese', 'Genovese Basil Microgreen', 4.50, FALSE, 'stacked', 0, 4, 17, 91),
	('Basil, Thai', 'Sweet Thai (Organic) Basil Seed', 6.00, FALSE, 'stacked', 0, 5, 15, 82),
	('Beets, Bulls Blood', 'Beets - Bulls Blood Microgreen', 20.00, FALSE, 'stacked', 0, 5, 20, 71),
	('Borage', 'Borage - Microgreen', 35.00, FALSE, 'stacked', 0, 3, 7, 198),
	('Broccoli', 'Broccoli - Di Cicco', 15.00, FALSE, 'stacked', 0, 2, 7, 113),
	('Cabbage', 'Cabbage - Red Acre', 14.00, FALSE, 'stacked', 0, 3, 11, 106),
	('Celery', 'Celery - Tall Utah', 4.00, FALSE, 'domed', 5, 4, 20, 85),
	('Celosia', 'Celosia - Microgreen', 4.50, FALSE, 'stacked', 0, 2, 12, 99),
	('Chervil', 'Fine Curled Chervil', 16.00, FALSE, 'stacked', 0, 6, 10, 85),
	('Chive', 'Chive - Microgreen Seed', 40.00, FALSE, 'stacked', 0, 3, 11, 113),
	('Cilantro', 'Cilantro, Slow Bolt', 35.00, FALSE, 'stacked', 0, 7, 10, 113),
	('Dill', 'Dill, Bouquet', 12.00, FALSE, 'stacked', 0, 6, 7, 43),
	('Fennel, Bronze', 'Fennel, Bronze', 12.00, FALSE, 'stacked', 0, 6, 17, 79),
	('Fennel, Green', 'Fennel, Florence', 12.00, FALSE, 'stacked', 0, 6, 17, 79),
	('Kale', 'Kale, Red Russian', 8.00, FALSE, 'stacked', 0, 2, 13, 119),
	('Lemon Balm', 'Lemon Balm - Herb Seed', 2.00, FALSE, 'domed', 2, 4, 17, 51),
	('Lettuce, Crisphead', 'Lettuce, Crisphead Herb', 2.00, FALSE, 'stacked', 0, 2, 7, 85),
	('Mustard, Green Mizuna', 'Mizuna, Organic Microgreen Seed', 10.00, FALSE, 'stacked', 0, 3, 7, 91),
	('Mustard, Purple Mizuna', 'Mustard - Mizuna Red Streaks', 10.00, FALSE, 'stacked', 0, 3, 12, 91),
	('Mustard, Ruby Streak', 'Mizuna, Ruby Streak', 8.00, FALSE, 'stacked', 0, 3, 14, 99),
	('Mustard, Scarlet Frills', 'Mustard, Scarlet Frills', 5.00, FALSE, 'stacked', 0, 3, 11, 99),
	('Mustard, Wasabi', 'Mustard, Wasabi', 10.00, FALSE, 'stacked', 0, 2, 11, 102),
	('Nasturtium', 'Nasturtium - Jewel Mix', 70.00, FALSE, 'stacked', 0, 5, 5, 113),
	('Parsley', 'Parsley, Italian Lead', 10.00, FALSE, 'domed', 5, 4, 15, 45),
	('Pea, Tendril', 'Pea, Tendril', 150.00, TRUE, 'stacked', 0, 3, 8, 170),
	('Pea, Dwarf', 'Pea, Sugar', 150.00, TRUE, 'stacked', 0, 3, 5, 255),
	('Popcorn Shoots', 'Popcorn Shoots', 200.00, FALSE, 'blackout', 0, 7, 0, 227),
	('Radish Mix', NULL, 30.00, FALSE, 'stacked', 0, 3, 3, 213),
	('Radish, Hong Vit', 'Radish - Hong Vit', 25.00, FALSE, 'stacked', 0, 3, 3, 213),
	('Radish, Kaiware', 'Green Radish', 40.00, FALSE, 'stacked', 0, 3, 3, 213),
	('Radish, Sango', 'Rambo Radish', 30.00, FALSE, 'stacked', 0, 3, 3, 213),
	('Shiso, Green', 'Shiso, Green (perilla)', 8.00, FALSE, 'domed', 3, 4, 11, 85),
	('Shiso, Red', 'Shiso, Red (perilla)', 4.50, FALSE, 'domed', 3, 4, 16, 57),
	('Shungiku', 'Chrysanthemum', 14.00, FALSE, 'stacked', 0, 3, 18, 170),
	('Sorrel, Red Veined', 'Red Veined Sorrel', 2.50, FALSE, 'domed', 5, 3, 26, 106),
	('Sunflower', 'Sunflower, Black Oil', 80.00, FALSE, 'stacked', 0, 3, 4, 232),
	('Swiss Chard', 'Rainbow Chard', 20.00, FALSE, 'stacked', 0, 4, 21, 74),
	('Tahoon', 'Tahoon Cress', 30.00, FALSE, 'stacked', 0, 10, 16, 57),
	('Tokyo Onion', 'Tokyo Long White Bunching', 12.50, FALSE, 'stacked', 0, 4, 11, 57),
	('Pac Choi', 'Shanghai Green', 6.00, FALSE, 'stacked', 0, 4, 7, 93);
	 
INSERT INTO plants (employee_id, crop_id) VALUES
	(5, 1),
	(5, 2),
	(5, 3),
	(5, 4),
	(5, 5),
	(5, 6),
	(5, 7),
	(5, 8),
	(5, 9),
	(5, 10),
	(5, 11),
	(5, 12),
	(5, 13),
	(5, 14),
	(5, 15),
	(5, 16),
	(5, 17),
	(5, 18),
	(5, 19),
	(5, 20),
	(5, 21),
	(6, 22),
	(6, 23),
	(6, 24),
	(6, 25),
	(6, 26),
	(6, 27),
	(6, 28),
	(6, 29),
	(6, 30),
	(6, 31),
	(6, 32),
	(6, 33),
	(6, 34),
	(6, 35),
	(6, 36),
	(6, 37),
	(6, 38),
	(6, 39),
	(6, 40),
	(6, 41),
	(6, 42),
    (6, 43);

INSERT INTO composed_of (product_id, crop_id, crop_ratio) VALUES
	(101, 1, 1.00),
	(102, 1, 1.00),
	(103, 1, 1.00),
	(104, 2, 1.00),
	(105, 2, 1.00),
	(106, 2, 1.00),
	(107, 3, 1.00),
	(108, 3, 1.00),
	(109, 3, 1.00),
	(110, 4, 1.00),
	(111, 4, 1.00),
	(112, 4, 1.00),
	(113, 5, 1.00),
	(114, 5, 1.00),
	(115, 5, 1.00),
	(116, 6, 1.00),
	(117, 6, 1.00),
	(118, 7, 1.00),
	(119, 7, 1.00),
	(120, 7, 1.00),
	(121, 8, 1.00),
	(122, 8, 1.00),
	(123, 8, 1.00),
	(124, 9, 1.00),
	(125, 9, 1.00),
	(126, 9, 1.00),
	(127, 10, 1.00),
	(128, 10, 1.00),
	(129, 10, 1.00),
	(130, 12, 1.00),
	(131, 12, 1.00),
	(132, 13, 1.00),
	(133, 13, 1.00),
	(134, 14, 1.00),
	(135, 14, 1.00),
	(136, 14, 1.00),
	(137, 15, 1.00),
	(138, 15, 1.00),
	(139, 16, 1.00),
	(140, 16, 1.00),
	(141, 16, 1.00),
	(142, 17, 1.00),
	(143, 17, 1.00),
	(144, 18, 1.00),
	(145, 18, 1.00),
	(146, 18, 1.00),
	(147, 19, 1.00),
	(148, 19, 1.00),
	(149, 19, 1.00),
	(150, 21, 1.00),
	(151, 21, 1.00),
	(152, 21, 1.00),
	(153, 22, 1.00),
	(154, 22, 1.00),
	(155, 22, 1.00),
	(156, 23, 1.00),
	(157, 23, 1.00),
	(158, 23, 1.00),
	(159, 24, 1.00),
	(160, 24, 1.00),
	(161, 24, 1.00),
	(162, 25, 1.00),
	(163, 25, 1.00),
	(164, 25, 1.00),
	(165, 26, 1.00),
	(166, 26, 1.00),
	(167, 26, 1.00),
	(168, 26, 1.00),
	(169, 43, 1.00),
	(170, 43, 1.00),
	(171, 27, 1.00),
	(172, 27, 1.00),
	(173, 27, 1.00),
	(174, 29, 1.00),
	(175, 29, 1.00),
	(176, 29, 1.00),
	(177, 29, 1.00),
	(178, 28, 1.00),
	(179, 28, 1.00),
	(180, 28, 1.00),
	(181, 30, 1.00),
	(182, 30, 1.00),
	(183, 30, 1.00),
	(184, 30, 1.00),
	(185, 31, 1.00),
	(186, 31, 1.00),
	(187, 31, 1.00),
	(188, 32, 1.00),
	(189, 32, 1.00),
	(190, 32, 1.00),
	(191, 33, 1.00),
	(192, 33, 1.00),
	(193, 33, 1.00),
	(194, 33, 1.00),
	(195, 33, 1.00),
	(196, 34, 1.00),
	(197, 34, 1.00),
	(198, 34, 1.00),
	(199, 35, 1.00),
	(200, 35, 1.00),
	(201, 35, 1.00),
	(202, 36, 1.00),
	(203, 36, 1.00),
	(204, 36, 1.00),
	(205, 37, 1.00),
	(206, 37, 1.00),
	(229, 37, 1.00),
	(207, 38, 1.00),
	(208, 38, 1.00),
	(209, 38, 1.00),
	(210, 39, 1.00),
	(211, 39, 1.00),
	(212, 39, 1.00),
	(213, 40, 1.00),
	(214, 40, 1.00),
	(215, 41, 1.00),
	(216, 41, 1.00),
	(217, 41, 1.00),
	(218, 42, 1.00),
	(219, 42, 1.00),
	(220, 42, 1.00),
	(221, 34, 0.28),
	(221, 32, 0.28),
	(221, 37, 0.16),
	(221, 33, 0.28),
	(222, 34, 0.28),
	(222, 32, 0.28),
	(222, 37, 0.16),
	(222, 33, 0.28),
	(223, 8, 0.05),
	(223, 9, 0.05),
	(223, 18, 0.05),
	(223, 29, 0.28),
	(223, 31, 0.28),
	(223, 39, 0.28),
	(224, 8, 0.05),
	(224, 9, 0.05),
	(224, 18, 0.05),
	(224, 29, 0.28),
	(224, 31, 0.28),
	(224, 39, 0.28),
	(225, 8, 0.05),
	(225, 9, 0.05),
	(225, 18, 0.05),
	(225, 29, 0.28),
	(225, 31, 0.28),
	(225, 39, 0.28),
	(226, 34, 0.60),
	(226, 19, 0.30),
	(226, 1, 0.10),
	(227, 4, 0.02),
	(227, 8, 0.05),
	(227, 9, 0.04),
	(227, 17, 0.01),
	(227, 18, 0.05),
	(227, 19, 0.01),
	(227, 29, 0.35),
	(227, 39, 0.47),
	(228, 34, 0.25),
	(228, 32, 0.20),
	(228, 37, 0.15),
	(228, 33, 0.20),
	(228, 29, 0.20);

INSERT INTO customer_order (order_type, order_status, employee_id, delivery_date, restaurant_id, email, date_created, is_forced) VALUES     
	('weekly', 'scheduled', 9, '2025-12-02', '1', 'maria.rossi@caposouthboston.test', '2025-11-01', FALSE),
	('weekly', 'scheduled', 9, '2025-12-02', '2', 'jordan.price@huntersboston.test', '2025-11-01', FALSE),
	('weekly', 'scheduled', 9, '2025-12-02', '3', 'casey.nguyen@fatbabysouthboston.test', '2025-11-01', FALSE),
	('weekly', 'scheduled', 9, '2025-12-02', '4', 'alex.rivera@locosouthboston.test', '2025-11-01', FALSE),
	('weekly', 'scheduled', 9, '2025-12-02', '6', 'riley.morgan@petulasboston.test', '2025-11-01', FALSE),
	('weekly', 'scheduled', 9, '2025-12-02', '8', 'elise.romano@coquetteboston.test', '2025-11-01', FALSE),
	('weekly', 'scheduled', 9, '2025-12-02', '10', 'lauren.bishop@oceanprimeboston.test', '2025-11-01', FALSE),
	('weekly', 'scheduled', 9, '2025-12-02', '11', 'morgan.lee@nautilusboston.test', '2025-11-01', FALSE),
	('weekly', 'scheduled', 9, '2025-12-02', '62', 'eric@theblock.test', '2025-11-01', FALSE),
	('weekly', 'scheduled', 9, '2025-12-02', '12', 'erin.foster@woodshillpier4.test', '2025-11-01', FALSE),
	('weekly', 'scheduled', 9, '2025-12-02', '14', 'amanda.chen@daviosseaport.test', '2025-11-01', FALSE),
	('weekly', 'scheduled', 9, '2025-12-02', '15', 'victor.russo@serafinaseaport.test', '2025-11-01', FALSE),
	('weekly', 'scheduled', 9, '2025-12-02', '63', 'katie@row34.test', '2025-11-01', FALSE),
	('weekly', 'scheduled', 9, '2025-12-02', '17', 'jordan.singh@tradeboston.test', '2025-11-01', FALSE),
	('weekly', 'scheduled', 9, '2025-12-02', '18', 'naomi.park@oya.boston.test', '2025-11-01', FALSE),
	('weekly', 'scheduled', 9, '2025-12-02', '19', 'miguel.silva@baleiaboston.test', '2025-11-01', FALSE),
	('weekly', 'scheduled', 9, '2025-12-02', '64', 'luca@capristeak.test', '2025-11-01', FALSE),
	('weekly', 'scheduled', 9, '2025-12-02', '22', 'daniel.reyes@311boston.test', '2025-11-01', FALSE),
	('weekly', 'scheduled', 9, '2025-12-02', '28', 'ken.n@douzoboston.test', '2025-11-01', FALSE),
	('weekly', 'scheduled', 9, '2025-12-02', '27', 'sophie.grant@gigiboston.test', '2025-11-01', FALSE),
	('weekly', 'scheduled', 9, '2025-12-02', '65', 'mila@ilona.test', '2025-11-01', FALSE),
	('weekly', 'scheduled', 9, '2025-12-02', '26', 'luca.b@srvboston.test', '2025-11-01', FALSE),
	('weekly', 'scheduled', 9, '2025-12-02', '30', 'adrian.s@zuma.test', '2025-11-01', FALSE),
	('weekly', 'scheduled', 9, '2025-12-02', '34', 'brian.cole@glasshouse.test', '2025-11-01', FALSE),
	('weekly', 'scheduled', 9, '2025-12-02', '33', 'mei.tan@catalyst.test', '2025-11-01', FALSE),
	('weekly', 'scheduled', 9, '2025-12-02', '35', 'hana.m@nagomi.test', '2025-11-01', FALSE),
	('weekly', 'scheduled', 9, '2025-12-02', '36', 'leo@locofenway.test', '2025-11-01', FALSE),
	('weekly', 'scheduled', 9, '2025-12-02', '38', 'pierre@deuxave.test', '2025-11-01', FALSE),
	('weekly', 'scheduled', 9, '2025-12-02', '71', 'tobias.grant@asta.test', '2025-11-01', FALSE),
	('weekly', 'scheduled', 9, '2025-12-02', '39', 'keiko@uniboston.test', '2025-11-01', FALSE),
	('weekly', 'scheduled', 9, '2025-12-02', '41', 'colin.b@typhoon.test', '2025-11-01', FALSE),
	('weekly', 'scheduled', 9, '2025-12-02', '29', 'isabella.c@portoboston.test', '2025-11-01', FALSE),
	('weekly', 'scheduled', 9, '2025-12-02', '42', 'vanessa.k@saltiegirl.test', '2025-11-01', FALSE),
	('weekly', 'scheduled', 9, '2025-12-02', '46', 'serena.v@lapadrona.test', '2025-11-01', FALSE),
	('weekly', 'scheduled', 9, '2025-12-02', '43', 'arnaud@lavoile.test', '2025-11-01', FALSE),
	('weekly', 'scheduled', 9, '2025-12-02', '47', 'max.d@thebanks.test', '2025-11-01', FALSE),
	('weekly', 'scheduled', 9, '2025-12-02', '48', 'olivia.p@daviosarlington.test', '2025-11-01', FALSE),
	('weekly', 'scheduled', 9, '2025-12-02', '49', 'marcel@bistrodu.test', '2025-11-01', FALSE),
	('weekly', 'scheduled', 9, '2025-12-02', '66', 'trevor@1928cambridge.test', '2025-11-01', FALSE),
	('weekly', 'scheduled', 9, '2025-12-02', '50', 'alina.c@rukaboston.test', '2025-11-01', FALSE),
	('weekly', 'scheduled', 9, '2025-12-02', '52', 'rafael@mariel.test', '2025-11-01', FALSE),
	('weekly', 'scheduled', 9, '2025-12-02', '53', 'madeline@oceanaire.test', '2025-11-01', FALSE),
	('weekly', 'scheduled', 9, '2025-12-02', '55', 'sofia.romano@mammamaria.test', '2025-11-01', FALSE),
	('weekly', 'scheduled', 10, '2025-12-03', '24', 'marcus.yates@kaia.test', '2025-11-01', FALSE),
	('weekly', 'scheduled', 10, '2025-12-03', '25', 'tara.f@shoreleave.test', '2025-11-01', FALSE),
	('weekly', 'scheduled', 10, '2025-12-03', '30', 'adrian.s@zuma.test', '2025-11-01', FALSE),
	('weekly', 'scheduled', 10, '2025-12-03', '59', 'sabrina@dovetail.test', '2025-11-01', FALSE),
	('weekly', 'scheduled', 10, '2025-12-03', '61', 'jenna@brewersfork.test', '2025-11-01', FALSE),
	('weekly', 'scheduled', 10, '2025-12-03', '60', 'victor@primaboston.test', '2025-11-01', FALSE),
	('weekly', 'scheduled', 10, '2025-12-03', '66', 'kenji@cafesushi.test', '2025-11-01', FALSE),
	('weekly', 'scheduled', 10, '2025-12-03', '32', 'julian@pammys.test', '2025-11-01', FALSE),
	('weekly', 'scheduled', 10, '2025-12-03', '62', 'eric@theblock.test', '2025-11-01', FALSE),
	('weekly', 'scheduled', 10, '2025-12-03', '69', 'vivian@nine.test', '2025-11-01', FALSE),
	('weekly', 'scheduled', 10, '2025-12-03', '57', 'nisha@thaigerden.test', '2025-11-01', FALSE),
	('weekly', 'scheduled', 10, '2025-12-03', '9', 'noah.chen@mrhchinese.test', '2025-11-01', FALSE),
	('weekly', 'scheduled', 10, '2025-12-03', '22', 'daniel.reyes@311boston.test', '2025-11-01', FALSE),
	('weekly', 'scheduled', 9, '2025-12-05', '1', 'maria.rossi@caposouthboston.test', '2025-11-01', FALSE),
	('weekly', 'scheduled', 9, '2025-12-05', '2', 'jordan.price@huntersboston.test', '2025-11-01', FALSE),
	('weekly', 'scheduled', 9, '2025-12-05', '3', 'casey.nguyen@fatbabysouthboston.test', '2025-11-01', FALSE),
	('weekly', 'scheduled', 9, '2025-12-05', '4', 'alex.rivera@locosouthboston.test', '2025-11-01', FALSE),
	('weekly', 'scheduled', 9, '2025-12-05', '5', 'dana.collins@224boston.test', '2025-11-01', FALSE),
	('weekly', 'scheduled', 9, '2025-12-05', '6', 'riley.morgan@petulasboston.test', '2025-11-01', FALSE),
	('weekly', 'scheduled', 9, '2025-12-05', '7', 'taylor.brooks@chickadeeboston.test', '2025-11-01', FALSE),
	('weekly', 'scheduled', 9, '2025-12-05', '8', 'elise.romano@coquetteboston.test', '2025-11-01', FALSE),
	('weekly', 'scheduled', 9, '2025-12-05', '11', 'morgan.lee@nautilusboston.test', '2025-11-01', FALSE),
	('weekly', 'scheduled', 9, '2025-12-05', '12', 'erin.foster@woodshillpier4.test', '2025-11-01', FALSE),
	('weekly', 'scheduled', 9, '2025-12-05', '62', 'eric@theblock.test', '2025-11-01', FALSE),
	('weekly', 'scheduled', 9, '2025-12-05', '14', 'amanda.chen@daviosseaport.test', '2025-11-01', FALSE),
	('weekly', 'scheduled', 9, '2025-12-05', '15', 'victor.russo@serafinaseaport.test', '2025-11-01', FALSE),
	('weekly', 'scheduled', 9, '2025-12-05', '63', 'katie@row34.test', '2025-11-01', FALSE),
	('weekly', 'scheduled', 9, '2025-12-05', '17', 'jordan.singh@tradeboston.test', '2025-11-01', FALSE),
	('weekly', 'scheduled', 9, '2025-12-05', '18', 'naomi.park@oya.boston.test', '2025-11-01', FALSE),
	('weekly', 'scheduled', 9, '2025-12-05', '19', 'miguel.silva@baleiaboston.test', '2025-11-01', FALSE),
	('weekly', 'scheduled', 9, '2025-12-05', '20', 'olivia.moore@fujiinkblock.test', '2025-11-01', FALSE),
	('weekly', 'scheduled', 9, '2025-12-05', '64', 'luca@capristeak.test', '2025-11-01', FALSE),
	('weekly', 'scheduled', 9, '2025-12-05', '22', 'daniel.reyes@311boston.test', '2025-11-01', FALSE),
	('weekly', 'scheduled', 9, '2025-12-05', '28', 'ken.n@douzoboston.test', '2025-11-01', FALSE),
	('weekly', 'scheduled', 9, '2025-12-05', '26', 'luca.b@srvboston.test', '2025-11-01', FALSE),
	('weekly', 'scheduled', 9, '2025-12-05', '30', 'adrian.s@zuma.test', '2025-11-01', FALSE),
	('weekly', 'scheduled', 9, '2025-12-05', '35', 'hana.m@nagomi.test', '2025-11-01', FALSE),
	('weekly', 'scheduled', 9, '2025-12-05', '36', 'leo@locofenway.test', '2025-11-01', FALSE),
	('weekly', 'scheduled', 9, '2025-12-05', '71', 'tobias.grant@asta.test', '2025-11-01', FALSE),
	('weekly', 'scheduled', 9, '2025-12-05', '42', 'vanessa.k@saltiegirl.test', '2025-11-01', FALSE),
	('weekly', 'scheduled', 9, '2025-12-05', '43', 'arnaud@lavoile.test', '2025-11-01', FALSE),
	('weekly', 'scheduled', 9, '2025-12-05', '46', 'serena.v@lapadrona.test', '2025-11-01', FALSE),
	('weekly', 'scheduled', 9, '2025-12-05', '47', 'max.d@thebanks.test', '2025-11-01', FALSE),
	('weekly', 'scheduled', 9, '2025-12-05', '48', 'olivia.p@daviosarlington.test', '2025-11-01', FALSE),
	('weekly', 'scheduled', 9, '2025-12-05', '70', 'rika@washin.test', '2025-11-01', FALSE),
	('weekly', 'scheduled', 9, '2025-12-05', '49', 'marcel@bistrodu.test', '2025-11-01', FALSE),
	('weekly', 'scheduled', 9, '2025-12-05', '66', 'kenji@cafesushi.test', '2025-11-01', FALSE),
	('weekly', 'scheduled', 9, '2025-12-05', '50', 'alina.c@rukaboston.test', '2025-11-01', FALSE),
	('weekly', 'scheduled', 9, '2025-12-05', '52', 'rafael@mariel.test', '2025-11-01', FALSE),
	('weekly', 'scheduled', 9, '2025-12-05', '53', 'madeline@oceanaire.test', '2025-11-01', FALSE),
	('weekly', 'scheduled', 9, '2025-12-05', '55', 'sofia.romano@mammamaria.test', '2025-11-01', FALSE),
	('weekly', 'scheduled', 9, '2025-12-09', '1', 'maria.rossi@caposouthboston.test', '2025-11-01', FALSE),
	('weekly', 'scheduled', 9, '2025-12-09', '2', 'jordan.price@huntersboston.test', '2025-11-01', FALSE),
	('weekly', 'scheduled', 9, '2025-12-09', '3', 'casey.nguyen@fatbabysouthboston.test', '2025-11-01', FALSE),
	('weekly', 'scheduled', 9, '2025-12-09', '4', 'alex.rivera@locosouthboston.test', '2025-11-01', FALSE),
	('weekly', 'scheduled', 9, '2025-12-09', '6', 'riley.morgan@petulasboston.test', '2025-11-01', FALSE),
	('weekly', 'scheduled', 9, '2025-12-09', '8', 'elise.romano@coquetteboston.test', '2025-11-01', FALSE),
	('weekly', 'scheduled', 9, '2025-12-09', '10', 'lauren.bishop@oceanprimeboston.test', '2025-11-01', FALSE),
	('weekly', 'scheduled', 9, '2025-12-09', '11', 'morgan.lee@nautilusboston.test', '2025-11-01', FALSE),
	('weekly', 'scheduled', 9, '2025-12-09', '62', 'eric@theblock.test', '2025-11-01', FALSE),
	('weekly', 'scheduled', 9, '2025-12-09', '12', 'erin.foster@woodshillpier4.test', '2025-11-01', FALSE),
	('weekly', 'scheduled', 9, '2025-12-09', '14', 'amanda.chen@daviosseaport.test', '2025-11-01', FALSE),
	('weekly', 'scheduled', 9, '2025-12-09', '15', 'victor.russo@serafinaseaport.test', '2025-11-01', FALSE),
	('weekly', 'scheduled', 9, '2025-12-09', '63', 'katie@row34.test', '2025-11-01', FALSE),
	('weekly', 'scheduled', 9, '2025-12-09', '17', 'jordan.singh@tradeboston.test', '2025-11-01', FALSE),
	('weekly', 'scheduled', 9, '2025-12-09', '18', 'naomi.park@oya.boston.test', '2025-11-01', FALSE),
	('weekly', 'scheduled', 9, '2025-12-09', '19', 'miguel.silva@baleiaboston.test', '2025-11-01', FALSE),
	('weekly', 'scheduled', 9, '2025-12-09', '64', 'luca@capristeak.test', '2025-11-01', FALSE),
	('weekly', 'scheduled', 9, '2025-12-09', '22', 'daniel.reyes@311boston.test', '2025-11-01', FALSE),
	('weekly', 'scheduled', 9, '2025-12-09', '28', 'ken.n@douzoboston.test', '2025-11-01', FALSE),
	('weekly', 'scheduled', 9, '2025-12-09', '27', 'sophie.grant@gigiboston.test', '2025-11-01', FALSE),
	('weekly', 'scheduled', 9, '2025-12-09', '65', 'mila@ilona.test', '2025-11-01', FALSE),
	('weekly', 'scheduled', 9, '2025-12-09', '26', 'luca.b@srvboston.test', '2025-11-01', FALSE),
	('weekly', 'scheduled', 9, '2025-12-09', '30', 'adrian.s@zuma.test', '2025-11-01', FALSE),
	('weekly', 'scheduled', 9, '2025-12-09', '34', 'brian.cole@glasshouse.test', '2025-11-01', FALSE),
	('weekly', 'scheduled', 9, '2025-12-09', '33', 'mei.tan@catalyst.test', '2025-11-01', FALSE),
	('weekly', 'scheduled', 9, '2025-12-09', '35', 'hana.m@nagomi.test', '2025-11-01', FALSE),
	('weekly', 'scheduled', 9, '2025-12-09', '36', 'leo@locofenway.test', '2025-11-01', FALSE),
	('weekly', 'scheduled', 9, '2025-12-09', '38', 'pierre@deuxave.test', '2025-11-01', FALSE),
	('weekly', 'scheduled', 9, '2025-12-09', '71', 'tobias.grant@asta.test', '2025-11-01', FALSE),
	('weekly', 'scheduled', 9, '2025-12-09', '39', 'keiko@uniboston.test', '2025-11-01', FALSE),
	('weekly', 'scheduled', 9, '2025-12-09', '41', 'colin.b@typhoon.test', '2025-11-01', FALSE),
	('weekly', 'scheduled', 9, '2025-12-09', '29', 'isabella.c@portoboston.test', '2025-11-01', FALSE),
	('weekly', 'scheduled', 9, '2025-12-09', '42', 'vanessa.k@saltiegirl.test', '2025-11-01', FALSE),
	('weekly', 'scheduled', 9, '2025-12-09', '46', 'serena.v@lapadrona.test', '2025-11-01', FALSE),
	('weekly', 'scheduled', 9, '2025-12-09', '43', 'arnaud@lavoile.test', '2025-11-01', FALSE),
	('weekly', 'scheduled', 9, '2025-12-09', '47', 'max.d@thebanks.test', '2025-11-01', FALSE),
	('weekly', 'scheduled', 9, '2025-12-09', '48', 'olivia.p@daviosarlington.test', '2025-11-01', FALSE),
	('weekly', 'scheduled', 9, '2025-12-09', '49', 'marcel@bistrodu.test', '2025-11-01', FALSE),
	('weekly', 'scheduled', 9, '2025-12-09', '66', 'trevor@1928cambridge.test', '2025-11-01', FALSE),
	('weekly', 'scheduled', 9, '2025-12-09', '50', 'alina.c@rukaboston.test', '2025-11-01', FALSE),
	('weekly', 'scheduled', 9, '2025-12-09', '52', 'rafael@mariel.test', '2025-11-01', FALSE),
	('weekly', 'scheduled', 9, '2025-12-09', '53', 'madeline@oceanaire.test', '2025-11-01', FALSE),
	('weekly', 'scheduled', 9, '2025-12-09', '55', 'sofia.romano@mammamaria.test', '2025-11-01', FALSE),
	('weekly', 'scheduled', 9, '2025-12-09', '24', 'marcus.yates@kaia.test', '2025-11-01', FALSE),
	('weekly', 'scheduled', 9, '2025-12-09', '25', 'tara.f@shoreleave.test', '2025-11-01', FALSE),
	('weekly', 'scheduled', 9, '2025-12-09', '30', 'adrian.s@zuma.test', '2025-11-01', FALSE),
	('weekly', 'scheduled', 10, '2025-12-10', '59', 'sabrina@dovetail.test', '2025-11-01', FALSE),
	('weekly', 'scheduled', 10, '2025-12-10', '61', 'jenna@brewersfork.test', '2025-11-01', FALSE),
	('weekly', 'scheduled', 10, '2025-12-10', '60', 'victor@primaboston.test', '2025-11-01', FALSE),
	('weekly', 'scheduled', 10, '2025-12-10', '66', 'kenji@cafesushi.test', '2025-11-01', FALSE),
	('weekly', 'scheduled', 10, '2025-12-10', '32', 'julian@pammys.test', '2025-11-01', FALSE),
	('weekly', 'scheduled', 10, '2025-12-10', '62', 'eric@theblock.test', '2025-11-01', FALSE),
	('weekly', 'scheduled', 10, '2025-12-10', '69', 'vivian@nine.test', '2025-11-01', FALSE),
	('weekly', 'scheduled', 10, '2025-12-10', '57', 'nisha@thaigerden.test', '2025-11-01', FALSE),
	('weekly', 'scheduled', 10, '2025-12-10', '9', 'noah.chen@mrhchinese.test', '2025-11-01', FALSE),
	('weekly', 'scheduled', 10, '2025-12-10', '22', 'daniel.reyes@311boston.test', '2025-11-01', FALSE),
	('weekly', 'scheduled', 9, '2025-12-12', '1', 'maria.rossi@caposouthboston.test', '2025-11-01', FALSE),
	('weekly', 'scheduled', 9, '2025-12-12', '2', 'jordan.price@huntersboston.test', '2025-11-01', FALSE),
	('weekly', 'scheduled', 9, '2025-12-12', '3', 'casey.nguyen@fatbabysouthboston.test', '2025-11-01', FALSE),
	('weekly', 'scheduled', 9, '2025-12-12', '4', 'alex.rivera@locosouthboston.test', '2025-11-01', FALSE),
	('weekly', 'scheduled', 9, '2025-12-12', '5', 'dana.collins@224boston.test', '2025-11-01', FALSE),
	('weekly', 'scheduled', 9, '2025-12-12', '6', 'riley.morgan@petulasboston.test', '2025-11-01', FALSE),
	('weekly', 'scheduled', 9, '2025-12-12', '7', 'taylor.brooks@chickadeeboston.test', '2025-11-01', FALSE),
	('weekly', 'scheduled', 9, '2025-12-12', '8', 'elise.romano@coquetteboston.test', '2025-11-01', FALSE),
	('weekly', 'scheduled', 9, '2025-12-12', '11', 'morgan.lee@nautilusboston.test', '2025-11-01', FALSE),
	('weekly', 'scheduled', 9, '2025-12-12', '12', 'erin.foster@woodshillpier4.test', '2025-11-01', FALSE),
	('weekly', 'scheduled', 9, '2025-12-12', '62', 'eric@theblock.test', '2025-11-01', FALSE),
	('weekly', 'scheduled', 9, '2025-12-12', '14', 'amanda.chen@daviosseaport.test', '2025-11-01', FALSE),
	('weekly', 'scheduled', 9, '2025-12-12', '15', 'victor.russo@serafinaseaport.test', '2025-11-01', FALSE),
	('weekly', 'scheduled', 9, '2025-12-12', '63', 'katie@row34.test', '2025-11-01', FALSE),
	('weekly', 'scheduled', 9, '2025-12-12', '17', 'jordan.singh@tradeboston.test', '2025-11-01', FALSE),
	('weekly', 'scheduled', 9, '2025-12-12', '18', 'naomi.park@oya.boston.test', '2025-11-01', FALSE),
	('weekly', 'scheduled', 9, '2025-12-12', '19', 'miguel.silva@baleiaboston.test', '2025-11-01', FALSE),
	('weekly', 'scheduled', 9, '2025-12-12', '20', 'olivia.moore@fujiinkblock.test', '2025-11-01', FALSE),
	('weekly', 'scheduled', 9, '2025-12-12', '64', 'luca@capristeak.test', '2025-11-01', FALSE),
	('weekly', 'scheduled', 9, '2025-12-12', '22', 'daniel.reyes@311boston.test', '2025-11-01', FALSE),
	('weekly', 'scheduled', 9, '2025-12-12', '28', 'ken.n@douzoboston.test', '2025-11-01', FALSE),
	('weekly', 'scheduled', 9, '2025-12-12', '26', 'luca.b@srvboston.test', '2025-11-01', FALSE),
	('weekly', 'scheduled', 9, '2025-12-12', '30', 'adrian.s@zuma.test', '2025-11-01', FALSE),
	('weekly', 'scheduled', 9, '2025-12-12', '35', 'hana.m@nagomi.test', '2025-11-01', FALSE),
	('weekly', 'scheduled', 9, '2025-12-12', '36', 'leo@locofenway.test', '2025-11-01', FALSE),
	('weekly', 'scheduled', 9, '2025-12-12', '71', 'tobias.grant@asta.test', '2025-11-01', FALSE),
	('weekly', 'scheduled', 9, '2025-12-12', '42', 'vanessa.k@saltiegirl.test', '2025-11-01', FALSE),
	('weekly', 'scheduled', 9, '2025-12-12', '43', 'arnaud@lavoile.test', '2025-11-01', FALSE),
	('weekly', 'scheduled', 9, '2025-12-12', '46', 'serena.v@lapadrona.test', '2025-11-01', FALSE),
	('weekly', 'scheduled', 9, '2025-12-12', '47', 'max.d@thebanks.test', '2025-11-01', FALSE),
	('weekly', 'scheduled', 9, '2025-12-12', '48', 'olivia.p@daviosarlington.test', '2025-11-01', FALSE),
	('weekly', 'scheduled', 9, '2025-12-12', '70', 'rika@washin.test', '2025-11-01', FALSE),
	('weekly', 'scheduled', 9, '2025-12-12', '49', 'marcel@bistrodu.test', '2025-11-01', FALSE),
	('weekly', 'scheduled', 9, '2025-12-12', '66', 'kenji@cafesushi.test', '2025-11-01', FALSE),
	('weekly', 'scheduled', 9, '2025-12-12', '50', 'alina.c@rukaboston.test', '2025-11-01', FALSE),
	('weekly', 'scheduled', 9, '2025-12-12', '52', 'rafael@mariel.test', '2025-11-01', FALSE),
	('weekly', 'scheduled', 9, '2025-12-12', '53', 'madeline@oceanaire.test', '2025-11-01', FALSE),
	('weekly', 'scheduled', 9, '2025-12-12', '55', 'sofia.romano@mammamaria.test', '2025-11-01', FALSE),
	('weekly', 'scheduled', 9, '2025-12-16', '1', 'maria.rossi@caposouthboston.test', '2025-11-01', FALSE),
	('weekly', 'scheduled', 9, '2025-12-16', '2', 'jordan.price@huntersboston.test', '2025-11-01', FALSE),
	('weekly', 'scheduled', 9, '2025-12-16', '3', 'casey.nguyen@fatbabysouthboston.test', '2025-11-01', FALSE),
	('weekly', 'scheduled', 9, '2025-12-16', '4', 'alex.rivera@locosouthboston.test', '2025-11-01', FALSE),
	('weekly', 'scheduled', 9, '2025-12-16', '6', 'riley.morgan@petulasboston.test', '2025-11-01', FALSE),
	('weekly', 'scheduled', 9, '2025-12-16', '8', 'elise.romano@coquetteboston.test', '2025-11-01', FALSE),
	('weekly', 'scheduled', 9, '2025-12-16', '10', 'lauren.bishop@oceanprimeboston.test', '2025-11-01', FALSE),
	('weekly', 'scheduled', 9, '2025-12-16', '11', 'morgan.lee@nautilusboston.test', '2025-11-01', FALSE),
	('weekly', 'scheduled', 9, '2025-12-16', '62', 'eric@theblock.test', '2025-11-01', FALSE),
	('weekly', 'scheduled', 9, '2025-12-16', '12', 'erin.foster@woodshillpier4.test', '2025-11-01', FALSE),
	('weekly', 'scheduled', 9, '2025-12-16', '14', 'amanda.chen@daviosseaport.test', '2025-11-01', FALSE),
	('weekly', 'scheduled', 9, '2025-12-16', '15', 'victor.russo@serafinaseaport.test', '2025-11-01', FALSE),
	('weekly', 'scheduled', 9, '2025-12-16', '63', 'katie@row34.test', '2025-11-01', FALSE),
	('weekly', 'scheduled', 9, '2025-12-16', '17', 'jordan.singh@tradeboston.test', '2025-11-01', FALSE),
	('weekly', 'scheduled', 9, '2025-12-16', '18', 'naomi.park@oya.boston.test', '2025-11-01', FALSE),
	('weekly', 'scheduled', 9, '2025-12-16', '19', 'miguel.silva@baleiaboston.test', '2025-11-01', FALSE),
	('weekly', 'scheduled', 9, '2025-12-16', '64', 'luca@capristeak.test', '2025-11-01', FALSE),
	('weekly', 'scheduled', 9, '2025-12-16', '22', 'daniel.reyes@311boston.test', '2025-11-01', FALSE),
	('weekly', 'scheduled', 9, '2025-12-16', '28', 'ken.n@douzoboston.test', '2025-11-01', FALSE),
	('weekly', 'scheduled', 9, '2025-12-16', '27', 'sophie.grant@gigiboston.test', '2025-11-01', FALSE),
	('weekly', 'scheduled', 9, '2025-12-16', '65', 'mila@ilona.test', '2025-11-01', FALSE),
	('weekly', 'scheduled', 9, '2025-12-16', '26', 'luca.b@srvboston.test', '2025-11-01', FALSE),
	('weekly', 'scheduled', 9, '2025-12-16', '30', 'adrian.s@zuma.test', '2025-11-01', FALSE),
	('weekly', 'scheduled', 9, '2025-12-16', '34', 'brian.cole@glasshouse.test', '2025-11-01', FALSE),
	('weekly', 'scheduled', 9, '2025-12-16', '33', 'mei.tan@catalyst.test', '2025-11-01', FALSE),
	('weekly', 'scheduled', 9, '2025-12-16', '35', 'hana.m@nagomi.test', '2025-11-01', FALSE),
	('weekly', 'scheduled', 9, '2025-12-16', '36', 'leo@locofenway.test', '2025-11-01', FALSE),
	('weekly', 'scheduled', 9, '2025-12-16', '38', 'pierre@deuxave.test', '2025-11-01', FALSE),
	('weekly', 'scheduled', 9, '2025-12-16', '71', 'tobias.grant@asta.test', '2025-11-01', FALSE),
	('weekly', 'scheduled', 9, '2025-12-16', '39', 'keiko@uniboston.test', '2025-11-01', FALSE),
	('weekly', 'scheduled', 9, '2025-12-16', '41', 'colin.b@typhoon.test', '2025-11-01', FALSE),
	('weekly', 'scheduled', 9, '2025-12-16', '29', 'isabella.c@portoboston.test', '2025-11-01', FALSE),
	('weekly', 'scheduled', 9, '2025-12-16', '42', 'vanessa.k@saltiegirl.test', '2025-11-01', FALSE),
	('weekly', 'scheduled', 9, '2025-12-16', '46', 'serena.v@lapadrona.test', '2025-11-01', FALSE),
	('weekly', 'scheduled', 9, '2025-12-16', '43', 'arnaud@lavoile.test', '2025-11-01', FALSE),
	('weekly', 'scheduled', 9, '2025-12-16', '47', 'max.d@thebanks.test', '2025-11-01', FALSE),
	('weekly', 'scheduled', 9, '2025-12-16', '48', 'olivia.p@daviosarlington.test', '2025-11-01', FALSE),
	('weekly', 'scheduled', 9, '2025-12-16', '49', 'marcel@bistrodu.test', '2025-11-01', FALSE),
	('weekly', 'scheduled', 9, '2025-12-16', '66', 'trevor@1928cambridge.test', '2025-11-01', FALSE),
	('weekly', 'scheduled', 9, '2025-12-16', '50', 'alina.c@rukaboston.test', '2025-11-01', FALSE),
	('weekly', 'scheduled', 9, '2025-12-16', '52', 'rafael@mariel.test', '2025-11-01', FALSE),
	('weekly', 'scheduled', 9, '2025-12-16', '53', 'madeline@oceanaire.test', '2025-11-01', FALSE),
	('weekly', 'scheduled', 9, '2025-12-16', '55', 'sofia.romano@mammamaria.test', '2025-11-01', FALSE),
	('weekly', 'scheduled', 9, '2025-12-17', '24', 'marcus.yates@kaia.test', '2025-11-01', FALSE),
	('weekly', 'scheduled', 9, '2025-12-17', '25', 'tara.f@shoreleave.test', '2025-11-01', FALSE),
	('weekly', 'scheduled', 9, '2025-12-17', '30', 'adrian.s@zuma.test', '2025-11-01', FALSE),
	('weekly', 'scheduled', 10, '2025-12-17', '59', 'sabrina@dovetail.test', '2025-11-01', FALSE),
	('weekly', 'scheduled', 10, '2025-12-17', '61', 'jenna@brewersfork.test', '2025-11-01', FALSE),
	('weekly', 'scheduled', 10, '2025-12-17', '60', 'victor@primaboston.test', '2025-11-01', FALSE),
	('weekly', 'scheduled', 10, '2025-12-17', '66', 'kenji@cafesushi.test', '2025-11-01', FALSE),
	('weekly', 'scheduled', 10, '2025-12-17', '32', 'julian@pammys.test', '2025-11-01', FALSE),
	('weekly', 'scheduled', 10, '2025-12-17', '62', 'eric@theblock.test', '2025-11-01', FALSE),
	('weekly', 'scheduled', 10, '2025-12-17', '69', 'vivian@nine.test', '2025-11-01', FALSE),
	('weekly', 'scheduled', 10, '2025-12-17', '57', 'nisha@thaigerden.test', '2025-11-01', FALSE),
	('weekly', 'scheduled', 10, '2025-12-17', '9', 'noah.chen@mrhchinese.test', '2025-11-01', FALSE),
	('weekly', 'scheduled', 10, '2025-12-17', '22', 'daniel.reyes@311boston.test', '2025-11-01', FALSE),
	('weekly', 'scheduled', 9, '2025-12-19', '1', 'maria.rossi@caposouthboston.test', '2025-11-01', FALSE),
	('weekly', 'scheduled', 9, '2025-12-19', '2', 'jordan.price@huntersboston.test', '2025-11-01', FALSE),
	('weekly', 'scheduled', 9, '2025-12-19', '3', 'casey.nguyen@fatbabysouthboston.test', '2025-11-01', FALSE),
	('weekly', 'scheduled', 9, '2025-12-19', '4', 'alex.rivera@locosouthboston.test', '2025-11-01', FALSE),
	('weekly', 'scheduled', 9, '2025-12-19', '5', 'dana.collins@224boston.test', '2025-11-01', FALSE),
	('weekly', 'scheduled', 9, '2025-12-19', '6', 'riley.morgan@petulasboston.test', '2025-11-01', FALSE),
	('weekly', 'scheduled', 9, '2025-12-19', '7', 'taylor.brooks@chickadeeboston.test', '2025-11-01', FALSE),
	('weekly', 'scheduled', 9, '2025-12-19', '8', 'elise.romano@coquetteboston.test', '2025-11-01', FALSE),
	('weekly', 'scheduled', 9, '2025-12-19', '11', 'morgan.lee@nautilusboston.test', '2025-11-01', FALSE),
	('weekly', 'scheduled', 9, '2025-12-19', '12', 'erin.foster@woodshillpier4.test', '2025-11-01', FALSE),
	('weekly', 'scheduled', 9, '2025-12-19', '62', 'eric@theblock.test', '2025-11-01', FALSE),
	('weekly', 'scheduled', 9, '2025-12-19', '14', 'amanda.chen@daviosseaport.test', '2025-11-01', FALSE),
	('weekly', 'scheduled', 9, '2025-12-19', '15', 'victor.russo@serafinaseaport.test', '2025-11-01', FALSE),
	('weekly', 'scheduled', 9, '2025-12-19', '63', 'katie@row34.test', '2025-11-01', FALSE),
	('weekly', 'scheduled', 9, '2025-12-19', '17', 'jordan.singh@tradeboston.test', '2025-11-01', FALSE),
	('weekly', 'scheduled', 9, '2025-12-19', '18', 'naomi.park@oya.boston.test', '2025-11-01', FALSE),
	('weekly', 'scheduled', 9, '2025-12-19', '19', 'miguel.silva@baleiaboston.test', '2025-11-01', FALSE),
	('weekly', 'scheduled', 9, '2025-12-19', '20', 'olivia.moore@fujiinkblock.test', '2025-11-01', FALSE),
	('weekly', 'scheduled', 9, '2025-12-19', '64', 'luca@capristeak.test', '2025-11-01', FALSE),
	('weekly', 'scheduled', 9, '2025-12-19', '22', 'daniel.reyes@311boston.test', '2025-11-01', FALSE),
	('weekly', 'scheduled', 9, '2025-12-19', '28', 'ken.n@douzoboston.test', '2025-11-01', FALSE),
	('weekly', 'scheduled', 9, '2025-12-19', '26', 'luca.b@srvboston.test', '2025-11-01', FALSE),
	('weekly', 'scheduled', 9, '2025-12-19', '30', 'adrian.s@zuma.test', '2025-11-01', FALSE),
	('weekly', 'scheduled', 9, '2025-12-19', '35', 'hana.m@nagomi.test', '2025-11-01', FALSE),
	('weekly', 'scheduled', 9, '2025-12-19', '36', 'leo@locofenway.test', '2025-11-01', FALSE),
	('weekly', 'scheduled', 9, '2025-12-19', '71', 'tobias.grant@asta.test', '2025-11-01', FALSE),
	('weekly', 'scheduled', 9, '2025-12-19', '42', 'vanessa.k@saltiegirl.test', '2025-11-01', FALSE),
	('weekly', 'scheduled', 9, '2025-12-19', '43', 'arnaud@lavoile.test', '2025-11-01', FALSE),
	('weekly', 'scheduled', 9, '2025-12-19', '46', 'serena.v@lapadrona.test', '2025-11-01', FALSE),
	('weekly', 'scheduled', 9, '2025-12-19', '47', 'max.d@thebanks.test', '2025-11-01', FALSE),
	('weekly', 'scheduled', 9, '2025-12-19', '48', 'olivia.p@daviosarlington.test', '2025-11-01', FALSE),
	('weekly', 'scheduled', 9, '2025-12-19', '70', 'rika@washin.test', '2025-11-01', FALSE),
	('weekly', 'scheduled', 9, '2025-12-19', '49', 'marcel@bistrodu.test', '2025-11-01', FALSE),
	('weekly', 'scheduled', 9, '2025-12-19', '66', 'kenji@cafesushi.test', '2025-11-01', FALSE),
	('weekly', 'scheduled', 9, '2025-12-19', '50', 'alina.c@rukaboston.test', '2025-11-01', FALSE),
	('weekly', 'scheduled', 9, '2025-12-19', '52', 'rafael@mariel.test', '2025-11-01', FALSE),
	('weekly', 'scheduled', 9, '2025-12-19', '53', 'madeline@oceanaire.test', '2025-11-01', FALSE),
	('weekly', 'scheduled', 9, '2025-12-19', '55', 'sofia.romano@mammamaria.test', '2025-11-01', FALSE),
	('weekly', 'scheduled', 9, '2025-12-23', '1', 'maria.rossi@caposouthboston.test', '2025-11-01', FALSE),
	('weekly', 'scheduled', 9, '2025-12-23', '2', 'jordan.price@huntersboston.test', '2025-11-01', FALSE),
	('weekly', 'scheduled', 9, '2025-12-23', '3', 'casey.nguyen@fatbabysouthboston.test', '2025-11-01', FALSE),
	('weekly', 'scheduled', 9, '2025-12-23', '4', 'alex.rivera@locosouthboston.test', '2025-11-01', FALSE),
	('weekly', 'scheduled', 9, '2025-12-23', '6', 'riley.morgan@petulasboston.test', '2025-11-01', FALSE),
	('weekly', 'scheduled', 9, '2025-12-23', '8', 'elise.romano@coquetteboston.test', '2025-11-01', FALSE),
	('weekly', 'scheduled', 9, '2025-12-23', '10', 'lauren.bishop@oceanprimeboston.test', '2025-11-01', FALSE),
	('weekly', 'scheduled', 9, '2025-12-23', '11', 'morgan.lee@nautilusboston.test', '2025-11-01', FALSE),
	('weekly', 'scheduled', 9, '2025-12-23', '62', 'eric@theblock.test', '2025-11-01', FALSE),
	('weekly', 'scheduled', 9, '2025-12-23', '12', 'erin.foster@woodshillpier4.test', '2025-11-01', FALSE),
	('weekly', 'scheduled', 9, '2025-12-23', '14', 'amanda.chen@daviosseaport.test', '2025-11-01', FALSE),
	('weekly', 'scheduled', 9, '2025-12-23', '15', 'victor.russo@serafinaseaport.test', '2025-11-01', FALSE),
	('weekly', 'scheduled', 9, '2025-12-23', '63', 'katie@row34.test', '2025-11-01', FALSE),
	('weekly', 'scheduled', 9, '2025-12-23', '17', 'jordan.singh@tradeboston.test', '2025-11-01', FALSE),
	('weekly', 'scheduled', 9, '2025-12-23', '18', 'naomi.park@oya.boston.test', '2025-11-01', FALSE),
	('weekly', 'scheduled', 9, '2025-12-23', '19', 'miguel.silva@baleiaboston.test', '2025-11-01', FALSE),
	('weekly', 'scheduled', 9, '2025-12-23', '64', 'luca@capristeak.test', '2025-11-01', FALSE),
	('weekly', 'scheduled', 9, '2025-12-23', '22', 'daniel.reyes@311boston.test', '2025-11-01', FALSE),
	('weekly', 'scheduled', 9, '2025-12-23', '28', 'ken.n@douzoboston.test', '2025-11-01', FALSE),
	('weekly', 'scheduled', 9, '2025-12-23', '27', 'sophie.grant@gigiboston.test', '2025-11-01', FALSE),
	('weekly', 'scheduled', 9, '2025-12-23', '65', 'mila@ilona.test', '2025-11-01', FALSE),
	('weekly', 'scheduled', 9, '2025-12-23', '26', 'luca.b@srvboston.test', '2025-11-01', FALSE),
	('weekly', 'scheduled', 9, '2025-12-23', '30', 'adrian.s@zuma.test', '2025-11-01', FALSE),
	('weekly', 'scheduled', 9, '2025-12-23', '34', 'brian.cole@glasshouse.test', '2025-11-01', FALSE),
	('weekly', 'scheduled', 9, '2025-12-23', '33', 'mei.tan@catalyst.test', '2025-11-01', FALSE),
	('weekly', 'scheduled', 9, '2025-12-23', '35', 'hana.m@nagomi.test', '2025-11-01', FALSE),
	('weekly', 'scheduled', 9, '2025-12-23', '36', 'leo@locofenway.test', '2025-11-01', FALSE),
	('weekly', 'scheduled', 9, '2025-12-23', '38', 'pierre@deuxave.test', '2025-11-01', FALSE),
	('weekly', 'scheduled', 9, '2025-12-23', '71', 'tobias.grant@asta.test', '2025-11-01', FALSE),
	('weekly', 'scheduled', 9, '2025-12-23', '39', 'keiko@uniboston.test', '2025-11-01', FALSE),
	('weekly', 'scheduled', 9, '2025-12-23', '41', 'colin.b@typhoon.test', '2025-11-01', FALSE),
	('weekly', 'scheduled', 9, '2025-12-23', '29', 'isabella.c@portoboston.test', '2025-11-01', FALSE),
	('weekly', 'scheduled', 9, '2025-12-23', '42', 'vanessa.k@saltiegirl.test', '2025-11-01', FALSE),
	('weekly', 'scheduled', 9, '2025-12-23', '46', 'serena.v@lapadrona.test', '2025-11-01', FALSE),
	('weekly', 'scheduled', 9, '2025-12-23', '43', 'arnaud@lavoile.test', '2025-11-01', FALSE),
	('weekly', 'scheduled', 9, '2025-12-23', '47', 'max.d@thebanks.test', '2025-11-01', FALSE),
	('weekly', 'scheduled', 9, '2025-12-23', '48', 'olivia.p@daviosarlington.test', '2025-11-01', FALSE),
	('weekly', 'scheduled', 9, '2025-12-23', '49', 'marcel@bistrodu.test', '2025-11-01', FALSE),
	('weekly', 'scheduled', 9, '2025-12-23', '66', 'trevor@1928cambridge.test', '2025-11-01', FALSE),
	('weekly', 'scheduled', 9, '2025-12-23', '50', 'alina.c@rukaboston.test', '2025-11-01', FALSE),
	('weekly', 'scheduled', 9, '2025-12-23', '52', 'rafael@mariel.test', '2025-11-01', FALSE),
	('weekly', 'scheduled', 9, '2025-12-23', '53', 'madeline@oceanaire.test', '2025-11-01', FALSE),
	('weekly', 'scheduled', 9, '2025-12-23', '55', 'sofia.romano@mammamaria.test', '2025-11-01', FALSE),
	('weekly', 'scheduled', 9, '2025-12-24', '24', 'marcus.yates@kaia.test', '2025-11-01', FALSE),
	('weekly', 'scheduled', 9, '2025-12-24', '25', 'tara.f@shoreleave.test', '2025-11-01', FALSE),
	('weekly', 'scheduled', 9, '2025-12-24', '30', 'adrian.s@zuma.test', '2025-11-01', FALSE),
	('weekly', 'scheduled', 10, '2025-12-24', '59', 'sabrina@dovetail.test', '2025-11-01', FALSE),
	('weekly', 'scheduled', 10, '2025-12-24', '61', 'jenna@brewersfork.test', '2025-11-01', FALSE),
	('weekly', 'scheduled', 10, '2025-12-24', '60', 'victor@primaboston.test', '2025-11-01', FALSE),
	('weekly', 'scheduled', 10, '2025-12-24', '66', 'kenji@cafesushi.test', '2025-11-01', FALSE),
	('weekly', 'scheduled', 10, '2025-12-24', '32', 'julian@pammys.test', '2025-11-01', FALSE),
	('weekly', 'scheduled', 10, '2025-12-24', '62', 'eric@theblock.test', '2025-11-01', FALSE),
	('weekly', 'scheduled', 10, '2025-12-24', '69', 'vivian@nine.test', '2025-11-01', FALSE),
	('weekly', 'scheduled', 10, '2025-12-24', '57', 'nisha@thaigerden.test', '2025-11-01', FALSE),
	('weekly', 'scheduled', 10, '2025-12-24', '9', 'noah.chen@mrhchinese.test', '2025-11-01', FALSE),
	('weekly', 'scheduled', 10, '2025-12-24', '22', 'daniel.reyes@311boston.test', '2025-11-01', FALSE),
	('weekly', 'scheduled', 9, '2025-12-26', '1', 'maria.rossi@caposouthboston.test', '2025-11-01', FALSE),
	('weekly', 'scheduled', 9, '2025-12-26', '2', 'jordan.price@huntersboston.test', '2025-11-01', FALSE),
	('weekly', 'scheduled', 9, '2025-12-26', '3', 'casey.nguyen@fatbabysouthboston.test', '2025-11-01', FALSE),
	('weekly', 'scheduled', 9, '2025-12-26', '4', 'alex.rivera@locosouthboston.test', '2025-11-01', FALSE),
	('weekly', 'scheduled', 9, '2025-12-26', '5', 'dana.collins@224boston.test', '2025-11-01', FALSE),
	('weekly', 'scheduled', 9, '2025-12-26', '6', 'riley.morgan@petulasboston.test', '2025-11-01', FALSE),
	('weekly', 'scheduled', 9, '2025-12-26', '7', 'taylor.brooks@chickadeeboston.test', '2025-11-01', FALSE),
	('weekly', 'scheduled', 9, '2025-12-26', '8', 'elise.romano@coquetteboston.test', '2025-11-01', FALSE),
	('weekly', 'scheduled', 9, '2025-12-26', '11', 'morgan.lee@nautilusboston.test', '2025-11-01', FALSE),
	('weekly', 'scheduled', 9, '2025-12-26', '12', 'erin.foster@woodshillpier4.test', '2025-11-01', FALSE),
	('weekly', 'scheduled', 9, '2025-12-26', '62', 'eric@theblock.test', '2025-11-01', FALSE),
	('weekly', 'scheduled', 9, '2025-12-26', '14', 'amanda.chen@daviosseaport.test', '2025-11-01', FALSE),
	('weekly', 'scheduled', 9, '2025-12-26', '15', 'victor.russo@serafinaseaport.test', '2025-11-01', FALSE),
	('weekly', 'scheduled', 9, '2025-12-26', '63', 'katie@row34.test', '2025-11-01', FALSE),
	('weekly', 'scheduled', 9, '2025-12-26', '17', 'jordan.singh@tradeboston.test', '2025-11-01', FALSE),
	('weekly', 'scheduled', 9, '2025-12-26', '18', 'naomi.park@oya.boston.test', '2025-11-01', FALSE),
	('weekly', 'scheduled', 9, '2025-12-26', '19', 'miguel.silva@baleiaboston.test', '2025-11-01', FALSE),
	('weekly', 'scheduled', 9, '2025-12-26', '20', 'olivia.moore@fujiinkblock.test', '2025-11-01', FALSE),
	('weekly', 'scheduled', 9, '2025-12-26', '64', 'luca@capristeak.test', '2025-11-01', FALSE),
	('weekly', 'scheduled', 9, '2025-12-26', '22', 'daniel.reyes@311boston.test', '2025-11-01', FALSE),
	('weekly', 'scheduled', 9, '2025-12-26', '28', 'ken.n@douzoboston.test', '2025-11-01', FALSE),
	('weekly', 'scheduled', 9, '2025-12-26', '26', 'luca.b@srvboston.test', '2025-11-01', FALSE),
	('weekly', 'scheduled', 9, '2025-12-26', '30', 'adrian.s@zuma.test', '2025-11-01', FALSE),
	('weekly', 'scheduled', 9, '2025-12-26', '35', 'hana.m@nagomi.test', '2025-11-01', FALSE),
	('weekly', 'scheduled', 9, '2025-12-26', '36', 'leo@locofenway.test', '2025-11-01', FALSE),
	('weekly', 'scheduled', 9, '2025-12-26', '71', 'tobias.grant@asta.test', '2025-11-01', FALSE),
	('weekly', 'scheduled', 9, '2025-12-26', '42', 'vanessa.k@saltiegirl.test', '2025-11-01', FALSE),
	('weekly', 'scheduled', 9, '2025-12-26', '43', 'arnaud@lavoile.test', '2025-11-01', FALSE),
	('weekly', 'scheduled', 9, '2025-12-26', '46', 'serena.v@lapadrona.test', '2025-11-01', FALSE),
	('weekly', 'scheduled', 9, '2025-12-26', '47', 'max.d@thebanks.test', '2025-11-01', FALSE),
	('weekly', 'scheduled', 9, '2025-12-26', '48', 'olivia.p@daviosarlington.test', '2025-11-01', FALSE),
	('weekly', 'scheduled', 9, '2025-12-26', '70', 'rika@washin.test', '2025-11-01', FALSE),
	('weekly', 'scheduled', 9, '2025-12-26', '49', 'marcel@bistrodu.test', '2025-11-01', FALSE),
	('weekly', 'scheduled', 9, '2025-12-26', '66', 'kenji@cafesushi.test', '2025-11-01', FALSE),
	('weekly', 'scheduled', 9, '2025-12-26', '50', 'alina.c@rukaboston.test', '2025-11-01', FALSE),
	('weekly', 'scheduled', 9, '2025-12-26', '52', 'rafael@mariel.test', '2025-11-01', FALSE),
	('weekly', 'scheduled', 9, '2025-12-26', '53', 'madeline@oceanaire.test', '2025-11-01', FALSE),
	('weekly', 'scheduled', 9, '2025-12-26', '55', 'sofia.romano@mammamaria.test', '2025-11-01', FALSE),
	('weekly', 'scheduled', 9, '2025-12-23', '1', 'maria.rossi@caposouthboston.test', '2025-11-01', FALSE),
	('weekly', 'scheduled', 9, '2025-12-23', '2', 'jordan.price@huntersboston.test', '2025-11-01', FALSE),
	('weekly', 'scheduled', 9, '2025-12-23', '3', 'casey.nguyen@fatbabysouthboston.test', '2025-11-01', FALSE),
	('weekly', 'scheduled', 9, '2025-12-23', '4', 'alex.rivera@locosouthboston.test', '2025-11-01', FALSE),
	('weekly', 'scheduled', 9, '2025-12-23', '6', 'riley.morgan@petulasboston.test', '2025-11-01', FALSE),
	('weekly', 'scheduled', 9, '2025-12-23', '8', 'elise.romano@coquetteboston.test', '2025-11-01', FALSE),
	('weekly', 'scheduled', 9, '2025-12-23', '10', 'lauren.bishop@oceanprimeboston.test', '2025-11-01', FALSE),
	('weekly', 'scheduled', 9, '2025-12-23', '11', 'morgan.lee@nautilusboston.test', '2025-11-01', FALSE),
	('weekly', 'scheduled', 9, '2025-12-23', '62', 'eric@theblock.test', '2025-11-01', FALSE),
	('weekly', 'scheduled', 9, '2025-12-23', '12', 'erin.foster@woodshillpier4.test', '2025-11-01', FALSE),
	('weekly', 'scheduled', 9, '2025-12-23', '14', 'amanda.chen@daviosseaport.test', '2025-11-01', FALSE),
	('weekly', 'scheduled', 9, '2025-12-23', '15', 'victor.russo@serafinaseaport.test', '2025-11-01', FALSE),
	('weekly', 'scheduled', 9, '2025-12-23', '63', 'katie@row34.test', '2025-11-01', FALSE),
	('weekly', 'scheduled', 9, '2025-12-23', '17', 'jordan.singh@tradeboston.test', '2025-11-01', FALSE),
	('weekly', 'scheduled', 9, '2025-12-23', '18', 'naomi.park@oya.boston.test', '2025-11-01', FALSE),
	('weekly', 'scheduled', 9, '2025-12-23', '19', 'miguel.silva@baleiaboston.test', '2025-11-01', FALSE),
	('weekly', 'scheduled', 9, '2025-12-23', '64', 'luca@capristeak.test', '2025-11-01', FALSE),
	('weekly', 'scheduled', 9, '2025-12-23', '22', 'daniel.reyes@311boston.test', '2025-11-01', FALSE),
	('weekly', 'scheduled', 9, '2025-12-23', '28', 'ken.n@douzoboston.test', '2025-11-01', FALSE),
	('weekly', 'scheduled', 9, '2025-12-23', '27', 'sophie.grant@gigiboston.test', '2025-11-01', FALSE),
	('weekly', 'scheduled', 9, '2025-12-23', '65', 'mila@ilona.test', '2025-11-01', FALSE),
	('weekly', 'scheduled', 9, '2025-12-23', '26', 'luca.b@srvboston.test', '2025-11-01', FALSE),
	('weekly', 'scheduled', 9, '2025-12-23', '30', 'adrian.s@zuma.test', '2025-11-01', FALSE),
	('weekly', 'scheduled', 9, '2025-12-23', '34', 'brian.cole@glasshouse.test', '2025-11-01', FALSE),
	('weekly', 'scheduled', 9, '2025-12-23', '33', 'mei.tan@catalyst.test', '2025-11-01', FALSE),
	('weekly', 'scheduled', 9, '2025-12-23', '35', 'hana.m@nagomi.test', '2025-11-01', FALSE),
	('weekly', 'scheduled', 9, '2025-12-23', '36', 'leo@locofenway.test', '2025-11-01', FALSE),
	('weekly', 'scheduled', 9, '2025-12-23', '38', 'pierre@deuxave.test', '2025-11-01', FALSE),
	('weekly', 'scheduled', 9, '2025-12-23', '71', 'tobias.grant@asta.test', '2025-11-01', FALSE),
	('weekly', 'scheduled', 9, '2025-12-23', '39', 'keiko@uniboston.test', '2025-11-01', FALSE),
	('weekly', 'scheduled', 9, '2025-12-23', '41', 'colin.b@typhoon.test', '2025-11-01', FALSE),
	('weekly', 'scheduled', 9, '2025-12-23', '29', 'isabella.c@portoboston.test', '2025-11-01', FALSE),
	('weekly', 'scheduled', 9, '2025-12-23', '42', 'vanessa.k@saltiegirl.test', '2025-11-01', FALSE),
	('weekly', 'scheduled', 9, '2025-12-23', '46', 'serena.v@lapadrona.test', '2025-11-01', FALSE),
	('weekly', 'scheduled', 9, '2025-12-23', '43', 'arnaud@lavoile.test', '2025-11-01', FALSE),
	('weekly', 'scheduled', 9, '2025-12-23', '47', 'max.d@thebanks.test', '2025-11-01', FALSE),
	('weekly', 'scheduled', 9, '2025-12-23', '48', 'olivia.p@daviosarlington.test', '2025-11-01', FALSE),
	('weekly', 'scheduled', 9, '2025-12-23', '49', 'marcel@bistrodu.test', '2025-11-01', FALSE),
	('weekly', 'scheduled', 9, '2025-12-23', '66', 'trevor@1928cambridge.test', '2025-11-01', FALSE),
	('weekly', 'scheduled', 9, '2025-12-23', '50', 'alina.c@rukaboston.test', '2025-11-01', FALSE),
	('weekly', 'scheduled', 9, '2025-12-23', '52', 'rafael@mariel.test', '2025-11-01', FALSE),
	('weekly', 'scheduled', 9, '2025-12-23', '53', 'madeline@oceanaire.test', '2025-11-01', FALSE),
	('weekly', 'scheduled', 9, '2025-12-23', '55', 'sofia.romano@mammamaria.test', '2025-11-01', FALSE),
	('weekly', 'scheduled', 9, '2025-12-24', '24', 'marcus.yates@kaia.test', '2025-11-01', FALSE),
	('weekly', 'scheduled', 9, '2025-12-24', '25', 'tara.f@shoreleave.test', '2025-11-01', FALSE),
	('weekly', 'scheduled', 9, '2025-12-24', '30', 'adrian.s@zuma.test', '2025-11-01', FALSE),
	('weekly', 'scheduled', 10, '2025-12-24', '59', 'sabrina@dovetail.test', '2025-11-01', FALSE),
	('weekly', 'scheduled', 10, '2025-12-24', '61', 'jenna@brewersfork.test', '2025-11-01', FALSE),
	('weekly', 'scheduled', 10, '2025-12-24', '60', 'victor@primaboston.test', '2025-11-01', FALSE),
	('weekly', 'scheduled', 10, '2025-12-24', '66', 'kenji@cafesushi.test', '2025-11-01', FALSE),
	('weekly', 'scheduled', 10, '2025-12-24', '32', 'julian@pammys.test', '2025-11-01', FALSE),
	('weekly', 'scheduled', 10, '2025-12-24', '62', 'eric@theblock.test', '2025-11-01', FALSE),
	('weekly', 'scheduled', 10, '2025-12-24', '69', 'vivian@nine.test', '2025-11-01', FALSE),
	('weekly', 'scheduled', 10, '2025-12-24', '57', 'nisha@thaigerden.test', '2025-11-01', FALSE),
	('weekly', 'scheduled', 10, '2025-12-24', '9', 'noah.chen@mrhchinese.test', '2025-11-01', FALSE),
	('weekly', 'scheduled', 10, '2025-12-24', '22', 'daniel.reyes@311boston.test', '2025-11-01', FALSE),
	('weekly', 'scheduled', 9, '2025-12-26', '1', 'maria.rossi@caposouthboston.test', '2025-11-01', FALSE),
	('weekly', 'scheduled', 9, '2025-12-26', '2', 'jordan.price@huntersboston.test', '2025-11-01', FALSE),
	('weekly', 'scheduled', 9, '2025-12-26', '3', 'casey.nguyen@fatbabysouthboston.test', '2025-11-01', FALSE),
	('weekly', 'scheduled', 9, '2025-12-26', '4', 'alex.rivera@locosouthboston.test', '2025-11-01', FALSE),
	('weekly', 'scheduled', 9, '2025-12-26', '5', 'dana.collins@224boston.test', '2025-11-01', FALSE),
	('weekly', 'scheduled', 9, '2025-12-26', '6', 'riley.morgan@petulasboston.test', '2025-11-01', FALSE),
	('weekly', 'scheduled', 9, '2025-12-26', '7', 'taylor.brooks@chickadeeboston.test', '2025-11-01', FALSE),
	('weekly', 'scheduled', 9, '2025-12-26', '8', 'elise.romano@coquetteboston.test', '2025-11-01', FALSE),
	('weekly', 'scheduled', 9, '2025-12-26', '11', 'morgan.lee@nautilusboston.test', '2025-11-01', FALSE),
	('weekly', 'scheduled', 9, '2025-12-26', '12', 'erin.foster@woodshillpier4.test', '2025-11-01', FALSE),
	('weekly', 'scheduled', 9, '2025-12-26', '62', 'eric@theblock.test', '2025-11-01', FALSE),
	('weekly', 'scheduled', 9, '2025-12-26', '14', 'amanda.chen@daviosseaport.test', '2025-11-01', FALSE),
	('weekly', 'scheduled', 9, '2025-12-26', '15', 'victor.russo@serafinaseaport.test', '2025-11-01', FALSE),
	('weekly', 'scheduled', 9, '2025-12-26', '63', 'katie@row34.test', '2025-11-01', FALSE),
	('weekly', 'scheduled', 9, '2025-12-26', '17', 'jordan.singh@tradeboston.test', '2025-11-01', FALSE),
	('weekly', 'scheduled', 9, '2025-12-26', '18', 'naomi.park@oya.boston.test', '2025-11-01', FALSE),
	('weekly', 'scheduled', 9, '2025-12-26', '19', 'miguel.silva@baleiaboston.test', '2025-11-01', FALSE),
	('weekly', 'scheduled', 9, '2025-12-26', '20', 'olivia.moore@fujiinkblock.test', '2025-11-01', FALSE),
	('weekly', 'scheduled', 9, '2025-12-26', '64', 'luca@capristeak.test', '2025-11-01', FALSE),
	('weekly', 'scheduled', 9, '2025-12-26', '22', 'daniel.reyes@311boston.test', '2025-11-01', FALSE),
	('weekly', 'scheduled', 9, '2025-12-26', '28', 'ken.n@douzoboston.test', '2025-11-01', FALSE),
	('weekly', 'scheduled', 9, '2025-12-26', '26', 'luca.b@srvboston.test', '2025-11-01', FALSE),
	('weekly', 'scheduled', 9, '2025-12-26', '30', 'adrian.s@zuma.test', '2025-11-01', FALSE),
	('weekly', 'scheduled', 9, '2025-12-26', '35', 'hana.m@nagomi.test', '2025-11-01', FALSE),
	('weekly', 'scheduled', 9, '2025-12-26', '36', 'leo@locofenway.test', '2025-11-01', FALSE),
	('weekly', 'scheduled', 9, '2025-12-26', '71', 'tobias.grant@asta.test', '2025-11-01', FALSE),
	('weekly', 'scheduled', 9, '2025-12-26', '42', 'vanessa.k@saltiegirl.test', '2025-11-01', FALSE),
	('weekly', 'scheduled', 9, '2025-12-26', '43', 'arnaud@lavoile.test', '2025-11-01', FALSE),
	('weekly', 'scheduled', 9, '2025-12-26', '46', 'serena.v@lapadrona.test', '2025-11-01', FALSE),
	('weekly', 'scheduled', 9, '2025-12-26', '47', 'max.d@thebanks.test', '2025-11-01', FALSE),
	('weekly', 'scheduled', 9, '2025-12-26', '48', 'olivia.p@daviosarlington.test', '2025-11-01', FALSE),
	('weekly', 'scheduled', 9, '2025-12-26', '70', 'rika@washin.test', '2025-11-01', FALSE),
	('weekly', 'scheduled', 9, '2025-12-26', '49', 'marcel@bistrodu.test', '2025-11-01', FALSE),
	('weekly', 'scheduled', 9, '2025-12-26', '66', 'kenji@cafesushi.test', '2025-11-01', FALSE),
	('weekly', 'scheduled', 9, '2025-12-26', '50', 'alina.c@rukaboston.test', '2025-11-01', FALSE),
	('weekly', 'scheduled', 9, '2025-12-26', '52', 'rafael@mariel.test', '2025-11-01', FALSE),
	('weekly', 'scheduled', 9, '2025-12-26', '53', 'madeline@oceanaire.test', '2025-11-01', FALSE),
	('weekly', 'scheduled', 9, '2025-12-26', '55', 'sofia.romano@mammamaria.test', '2025-11-01', FALSE),
	('weekly', 'scheduled', 9, '2025-12-30', '1', 'maria.rossi@caposouthboston.test', '2025-11-01', FALSE),
	('weekly', 'scheduled', 9, '2025-12-30', '2', 'jordan.price@huntersboston.test', '2025-11-01', FALSE),
	('weekly', 'scheduled', 9, '2025-12-30', '3', 'casey.nguyen@fatbabysouthboston.test', '2025-11-01', FALSE),
	('weekly', 'scheduled', 9, '2025-12-30', '4', 'alex.rivera@locosouthboston.test', '2025-11-01', FALSE),
	('weekly', 'scheduled', 9, '2025-12-30', '6', 'riley.morgan@petulasboston.test', '2025-11-01', FALSE),
	('weekly', 'scheduled', 9, '2025-12-30', '8', 'elise.romano@coquetteboston.test', '2025-11-01', FALSE),
	('weekly', 'scheduled', 9, '2025-12-30', '10', 'lauren.bishop@oceanprimeboston.test', '2025-11-01', FALSE),
	('weekly', 'scheduled', 9, '2025-12-30', '11', 'morgan.lee@nautilusboston.test', '2025-11-01', FALSE),
	('weekly', 'scheduled', 9, '2025-12-30', '62', 'eric@theblock.test', '2025-11-01', FALSE),
	('weekly', 'scheduled', 9, '2025-12-30', '12', 'erin.foster@woodshillpier4.test', '2025-11-01', FALSE),
	('weekly', 'scheduled', 9, '2025-12-30', '14', 'amanda.chen@daviosseaport.test', '2025-11-01', FALSE),
	('weekly', 'scheduled', 9, '2025-12-30', '15', 'victor.russo@serafinaseaport.test', '2025-11-01', FALSE),
	('weekly', 'scheduled', 9, '2025-12-30', '63', 'katie@row34.test', '2025-11-01', FALSE),
	('weekly', 'scheduled', 9, '2025-12-30', '17', 'jordan.singh@tradeboston.test', '2025-11-01', FALSE),
	('weekly', 'scheduled', 9, '2025-12-30', '18', 'naomi.park@oya.boston.test', '2025-11-01', FALSE),
	('weekly', 'scheduled', 9, '2025-12-30', '19', 'miguel.silva@baleiaboston.test', '2025-11-01', FALSE),
	('weekly', 'scheduled', 9, '2025-12-30', '64', 'luca@capristeak.test', '2025-11-01', FALSE),
	('weekly', 'scheduled', 9, '2025-12-30', '22', 'daniel.reyes@311boston.test', '2025-11-01', FALSE),
	('weekly', 'scheduled', 9, '2025-12-30', '28', 'ken.n@douzoboston.test', '2025-11-01', FALSE),
	('weekly', 'scheduled', 9, '2025-12-30', '27', 'sophie.grant@gigiboston.test', '2025-11-01', FALSE),
	('weekly', 'scheduled', 9, '2025-12-30', '65', 'mila@ilona.test', '2025-11-01', FALSE),
	('weekly', 'scheduled', 9, '2025-12-30', '26', 'luca.b@srvboston.test', '2025-11-01', FALSE),
	('weekly', 'scheduled', 9, '2025-12-30', '30', 'adrian.s@zuma.test', '2025-11-01', FALSE),
	('weekly', 'scheduled', 9, '2025-12-30', '34', 'brian.cole@glasshouse.test', '2025-11-01', FALSE),
	('weekly', 'scheduled', 9, '2025-12-30', '33', 'mei.tan@catalyst.test', '2025-11-01', FALSE),
	('weekly', 'scheduled', 9, '2025-12-30', '35', 'hana.m@nagomi.test', '2025-11-01', FALSE),
	('weekly', 'scheduled', 9, '2025-12-30', '36', 'leo@locofenway.test', '2025-11-01', FALSE),
	('weekly', 'scheduled', 9, '2025-12-30', '38', 'pierre@deuxave.test', '2025-11-01', FALSE),
	('weekly', 'scheduled', 9, '2025-12-30', '71', 'tobias.grant@asta.test', '2025-11-01', FALSE),
	('weekly', 'scheduled', 9, '2025-12-30', '39', 'keiko@uniboston.test', '2025-11-01', FALSE),
	('weekly', 'scheduled', 9, '2025-12-30', '41', 'colin.b@typhoon.test', '2025-11-01', FALSE),
	('weekly', 'scheduled', 9, '2025-12-30', '29', 'isabella.c@portoboston.test', '2025-11-01', FALSE),
	('weekly', 'scheduled', 9, '2025-12-30', '42', 'vanessa.k@saltiegirl.test', '2025-11-01', FALSE),
	('weekly', 'scheduled', 9, '2025-12-30', '46', 'serena.v@lapadrona.test', '2025-11-01', FALSE),
	('weekly', 'scheduled', 9, '2025-12-30', '43', 'arnaud@lavoile.test', '2025-11-01', FALSE),
	('weekly', 'scheduled', 9, '2025-12-30', '47', 'max.d@thebanks.test', '2025-11-01', FALSE),
	('weekly', 'scheduled', 9, '2025-12-30', '48', 'olivia.p@daviosarlington.test', '2025-11-01', FALSE),
	('weekly', 'scheduled', 9, '2025-12-30', '49', 'marcel@bistrodu.test', '2025-11-01', FALSE),
	('weekly', 'scheduled', 9, '2025-12-30', '66', 'trevor@1928cambridge.test', '2025-11-01', FALSE),
	('weekly', 'scheduled', 9, '2025-12-30', '50', 'alina.c@rukaboston.test', '2025-11-01', FALSE),
	('weekly', 'scheduled', 9, '2025-12-30', '52', 'rafael@mariel.test', '2025-11-01', FALSE),
	('weekly', 'scheduled', 9, '2025-12-30', '53', 'madeline@oceanaire.test', '2025-11-01', FALSE),
	('weekly', 'scheduled', 9, '2025-12-30', '55', 'sofia.romano@mammamaria.test', '2025-11-01', FALSE),
	('weekly', 'scheduled', 9, '2025-12-31', '24', 'marcus.yates@kaia.test', '2025-11-01', FALSE),
	('weekly', 'scheduled', 9, '2025-12-31', '25', 'tara.f@shoreleave.test', '2025-11-01', FALSE),
	('weekly', 'scheduled', 9, '2025-12-31', '30', 'adrian.s@zuma.test', '2025-11-01', FALSE),
	('weekly', 'scheduled', 10, '2025-12-31', '59', 'sabrina@dovetail.test', '2025-11-01', FALSE),
	('weekly', 'scheduled', 10, '2025-12-31', '61', 'jenna@brewersfork.test', '2025-11-01', FALSE),
	('weekly', 'scheduled', 10, '2025-12-31', '60', 'victor@primaboston.test', '2025-11-01', FALSE),
	('weekly', 'scheduled', 10, '2025-12-31', '66', 'kenji@cafesushi.test', '2025-11-01', FALSE),
	('weekly', 'scheduled', 10, '2025-12-31', '32', 'julian@pammys.test', '2025-11-01', FALSE),
	('weekly', 'scheduled', 10, '2025-12-31', '62', 'eric@theblock.test', '2025-11-01', FALSE),
	('weekly', 'scheduled', 10, '2025-12-31', '69', 'vivian@nine.test', '2025-11-01', FALSE),
	('weekly', 'scheduled', 10, '2025-12-31', '57', 'nisha@thaigerden.test', '2025-11-01', FALSE),
	('weekly', 'scheduled', 10, '2025-12-31', '9', 'noah.chen@mrhchinese.test', '2025-11-01', FALSE),
	('weekly', 'scheduled', 10, '2025-12-31', '22', 'daniel.reyes@311boston.test', '2025-11-01', FALSE),
	('weekly', 'scheduled', 9, '2026-01-02', '1', 'maria.rossi@caposouthboston.test', '2025-11-01', FALSE),
	('weekly', 'scheduled', 9, '2026-01-02', '2', 'jordan.price@huntersboston.test', '2025-11-01', FALSE),
	('weekly', 'scheduled', 9, '2026-01-02', '3', 'casey.nguyen@fatbabysouthboston.test', '2025-11-01', FALSE),
	('weekly', 'scheduled', 9, '2026-01-02', '4', 'alex.rivera@locosouthboston.test', '2025-11-01', FALSE),
	('weekly', 'scheduled', 9, '2026-01-02', '5', 'dana.collins@224boston.test', '2025-11-01', FALSE),
	('weekly', 'scheduled', 9, '2026-01-02', '6', 'riley.morgan@petulasboston.test', '2025-11-01', FALSE),
	('weekly', 'scheduled', 9, '2026-01-02', '7', 'taylor.brooks@chickadeeboston.test', '2025-11-01', FALSE),
	('weekly', 'scheduled', 9, '2026-01-02', '8', 'elise.romano@coquetteboston.test', '2025-11-01', FALSE),
	('weekly', 'scheduled', 9, '2026-01-02', '11', 'morgan.lee@nautilusboston.test', '2025-11-01', FALSE),
	('weekly', 'scheduled', 9, '2026-01-02', '12', 'erin.foster@woodshillpier4.test', '2025-11-01', FALSE),
	('weekly', 'scheduled', 9, '2026-01-02', '62', 'eric@theblock.test', '2025-11-01', FALSE),
	('weekly', 'scheduled', 9, '2026-01-02', '14', 'amanda.chen@daviosseaport.test', '2025-11-01', FALSE),
	('weekly', 'scheduled', 9, '2026-01-02', '15', 'victor.russo@serafinaseaport.test', '2025-11-01', FALSE),
	('weekly', 'scheduled', 9, '2026-01-02', '63', 'katie@row34.test', '2025-11-01', FALSE),
	('weekly', 'scheduled', 9, '2026-01-02', '17', 'jordan.singh@tradeboston.test', '2025-11-01', FALSE),
	('weekly', 'scheduled', 9, '2026-01-02', '18', 'naomi.park@oya.boston.test', '2025-11-01', FALSE),
	('weekly', 'scheduled', 9, '2026-01-02', '19', 'miguel.silva@baleiaboston.test', '2025-11-01', FALSE),
	('weekly', 'scheduled', 9, '2026-01-02', '20', 'olivia.moore@fujiinkblock.test', '2025-11-01', FALSE),
	('weekly', 'scheduled', 9, '2026-01-02', '64', 'luca@capristeak.test', '2025-11-01', FALSE),
	('weekly', 'scheduled', 9, '2026-01-02', '22', 'daniel.reyes@311boston.test', '2025-11-01', FALSE),
	('weekly', 'scheduled', 9, '2026-01-02', '28', 'ken.n@douzoboston.test', '2025-11-01', FALSE),
	('weekly', 'scheduled', 9, '2026-01-02', '26', 'luca.b@srvboston.test', '2025-11-01', FALSE),
	('weekly', 'scheduled', 9, '2026-01-02', '30', 'adrian.s@zuma.test', '2025-11-01', FALSE),
	('weekly', 'scheduled', 9, '2026-01-02', '35', 'hana.m@nagomi.test', '2025-11-01', FALSE),
	('weekly', 'scheduled', 9, '2026-01-02', '36', 'leo@locofenway.test', '2025-11-01', FALSE),
	('weekly', 'scheduled', 9, '2026-01-02', '71', 'tobias.grant@asta.test', '2025-11-01', FALSE),
	('weekly', 'scheduled', 9, '2026-01-02', '42', 'vanessa.k@saltiegirl.test', '2025-11-01', FALSE),
	('weekly', 'scheduled', 9, '2026-01-02', '43', 'arnaud@lavoile.test', '2025-11-01', FALSE),
	('weekly', 'scheduled', 9, '2026-01-02', '46', 'serena.v@lapadrona.test', '2025-11-01', FALSE),
	('weekly', 'scheduled', 9, '2026-01-02', '47', 'max.d@thebanks.test', '2025-11-01', FALSE),
	('weekly', 'scheduled', 9, '2026-01-02', '48', 'olivia.p@daviosarlington.test', '2025-11-01', FALSE),
	('weekly', 'scheduled', 9, '2026-01-02', '70', 'rika@washin.test', '2025-11-01', FALSE),
	('weekly', 'scheduled', 9, '2026-01-02', '49', 'marcel@bistrodu.test', '2025-11-01', FALSE),
	('weekly', 'scheduled', 9, '2026-01-02', '66', 'kenji@cafesushi.test', '2025-11-01', FALSE),
	('weekly', 'scheduled', 9, '2026-01-02', '50', 'alina.c@rukaboston.test', '2025-11-01', FALSE),
	('weekly', 'scheduled', 9, '2026-01-02', '52', 'rafael@mariel.test', '2025-11-01', FALSE),
	('weekly', 'scheduled', 9, '2026-01-02', '53', 'madeline@oceanaire.test', '2025-11-01', FALSE),
	('weekly', 'scheduled', 9, '2026-01-02', '55', 'sofia.romano@mammamaria.test', '2025-11-01', FALSE),
	('weekly', 'scheduled', 9, '2026-01-06', '1', 'maria.rossi@caposouthboston.test', '2025-11-01', FALSE),
	('weekly', 'scheduled', 9, '2026-01-06', '2', 'jordan.price@huntersboston.test', '2025-11-01', FALSE),
	('weekly', 'scheduled', 9, '2026-01-06', '3', 'casey.nguyen@fatbabysouthboston.test', '2025-11-01', FALSE),
	('weekly', 'scheduled', 9, '2026-01-06', '4', 'alex.rivera@locosouthboston.test', '2025-11-01', FALSE),
	('weekly', 'scheduled', 9, '2026-01-06', '6', 'riley.morgan@petulasboston.test', '2025-11-01', FALSE),
	('weekly', 'scheduled', 9, '2026-01-06', '8', 'elise.romano@coquetteboston.test', '2025-11-01', FALSE),
	('weekly', 'scheduled', 9, '2026-01-06', '10', 'lauren.bishop@oceanprimeboston.test', '2025-11-01', FALSE),
	('weekly', 'scheduled', 9, '2026-01-06', '11', 'morgan.lee@nautilusboston.test', '2025-11-01', FALSE),
	('weekly', 'scheduled', 9, '2026-01-06', '62', 'eric@theblock.test', '2025-11-01', FALSE),
	('weekly', 'scheduled', 9, '2026-01-06', '12', 'erin.foster@woodshillpier4.test', '2025-11-01', FALSE),
	('weekly', 'scheduled', 9, '2026-01-06', '14', 'amanda.chen@daviosseaport.test', '2025-11-01', FALSE),
	('weekly', 'scheduled', 9, '2026-01-06', '15', 'victor.russo@serafinaseaport.test', '2025-11-01', FALSE),
	('weekly', 'scheduled', 9, '2026-01-06', '63', 'katie@row34.test', '2025-11-01', FALSE),
	('weekly', 'scheduled', 9, '2026-01-06', '17', 'jordan.singh@tradeboston.test', '2025-11-01', FALSE),
	('weekly', 'scheduled', 9, '2026-01-06', '18', 'naomi.park@oya.boston.test', '2025-11-01', FALSE),
	('weekly', 'scheduled', 9, '2026-01-06', '19', 'miguel.silva@baleiaboston.test', '2025-11-01', FALSE),
	('weekly', 'scheduled', 9, '2026-01-06', '64', 'luca@capristeak.test', '2025-11-01', FALSE),
	('weekly', 'scheduled', 9, '2026-01-06', '22', 'daniel.reyes@311boston.test', '2025-11-01', FALSE),
	('weekly', 'scheduled', 9, '2026-01-06', '28', 'ken.n@douzoboston.test', '2025-11-01', FALSE),
	('weekly', 'scheduled', 9, '2026-01-06', '27', 'sophie.grant@gigiboston.test', '2025-11-01', FALSE),
	('weekly', 'scheduled', 9, '2026-01-06', '65', 'mila@ilona.test', '2025-11-01', FALSE),
	('weekly', 'scheduled', 9, '2026-01-06', '26', 'luca.b@srvboston.test', '2025-11-01', FALSE),
	('weekly', 'scheduled', 9, '2026-01-06', '30', 'adrian.s@zuma.test', '2025-11-01', FALSE),
	('weekly', 'scheduled', 9, '2026-01-06', '34', 'brian.cole@glasshouse.test', '2025-11-01', FALSE),
	('weekly', 'scheduled', 9, '2026-01-06', '33', 'mei.tan@catalyst.test', '2025-11-01', FALSE),
	('weekly', 'scheduled', 9, '2026-01-06', '35', 'hana.m@nagomi.test', '2025-11-01', FALSE),
	('weekly', 'scheduled', 9, '2026-01-06', '36', 'leo@locofenway.test', '2025-11-01', FALSE),
	('weekly', 'scheduled', 9, '2026-01-06', '38', 'pierre@deuxave.test', '2025-11-01', FALSE),
	('weekly', 'scheduled', 9, '2026-01-06', '71', 'tobias.grant@asta.test', '2025-11-01', FALSE),
	('weekly', 'scheduled', 9, '2026-01-06', '39', 'keiko@uniboston.test', '2025-11-01', FALSE),
	('weekly', 'scheduled', 9, '2026-01-06', '41', 'colin.b@typhoon.test', '2025-11-01', FALSE),
	('weekly', 'scheduled', 9, '2026-01-06', '29', 'isabella.c@portoboston.test', '2025-11-01', FALSE),
	('weekly', 'scheduled', 9, '2026-01-06', '42', 'vanessa.k@saltiegirl.test', '2025-11-01', FALSE),
	('weekly', 'scheduled', 9, '2026-01-06', '46', 'serena.v@lapadrona.test', '2025-11-01', FALSE),
	('weekly', 'scheduled', 9, '2026-01-06', '43', 'arnaud@lavoile.test', '2025-11-01', FALSE),
	('weekly', 'scheduled', 9, '2026-01-06', '47', 'max.d@thebanks.test', '2025-11-01', FALSE),
	('weekly', 'scheduled', 9, '2026-01-06', '48', 'olivia.p@daviosarlington.test', '2025-11-01', FALSE),
	('weekly', 'scheduled', 9, '2026-01-06', '49', 'marcel@bistrodu.test', '2025-11-01', FALSE),
	('weekly', 'scheduled', 9, '2026-01-06', '66', 'trevor@1928cambridge.test', '2025-11-01', FALSE),
	('weekly', 'scheduled', 9, '2026-01-06', '50', 'alina.c@rukaboston.test', '2025-11-01', FALSE),
	('weekly', 'scheduled', 9, '2026-01-06', '52', 'rafael@mariel.test', '2025-11-01', FALSE),
	('weekly', 'scheduled', 9, '2026-01-06', '53', 'madeline@oceanaire.test', '2025-11-01', FALSE),
	('weekly', 'scheduled', 9, '2026-01-06', '55', 'sofia.romano@mammamaria.test', '2025-11-01', FALSE),
	('weekly', 'scheduled', 9, '2026-01-07', '24', 'marcus.yates@kaia.test', '2025-11-01', FALSE),
	('weekly', 'scheduled', 9, '2026-01-07', '25', 'tara.f@shoreleave.test', '2025-11-01', FALSE),
	('weekly', 'scheduled', 9, '2026-01-07', '30', 'adrian.s@zuma.test', '2025-11-01', FALSE),
	('weekly', 'scheduled', 10, '2026-01-07', '59', 'sabrina@dovetail.test', '2025-11-01', FALSE),
	('weekly', 'scheduled', 10, '2026-01-07', '61', 'jenna@brewersfork.test', '2025-11-01', FALSE),
	('weekly', 'scheduled', 10, '2026-01-07', '60', 'victor@primaboston.test', '2025-11-01', FALSE),
	('weekly', 'scheduled', 10, '2026-01-07', '66', 'kenji@cafesushi.test', '2025-11-01', FALSE),
	('weekly', 'scheduled', 10, '2026-01-07', '32', 'julian@pammys.test', '2025-11-01', FALSE),
	('weekly', 'scheduled', 10, '2026-01-07', '62', 'eric@theblock.test', '2025-11-01', FALSE),
	('weekly', 'scheduled', 10, '2026-01-07', '69', 'vivian@nine.test', '2025-11-01', FALSE),
	('weekly', 'scheduled', 10, '2026-01-07', '57', 'nisha@thaigerden.test', '2025-11-01', FALSE),
	('weekly', 'scheduled', 10, '2026-01-07', '9', 'noah.chen@mrhchinese.test', '2025-11-01', FALSE),
	('weekly', 'scheduled', 10, '2026-01-07', '22', 'daniel.reyes@311boston.test', '2025-11-01', FALSE),
	('weekly', 'scheduled', 9, '2026-01-09', '1', 'maria.rossi@caposouthboston.test', '2025-11-01', FALSE),
	('weekly', 'scheduled', 9, '2026-01-09', '2', 'jordan.price@huntersboston.test', '2025-11-01', FALSE),
	('weekly', 'scheduled', 9, '2026-01-09', '3', 'casey.nguyen@fatbabysouthboston.test', '2025-11-01', FALSE),
	('weekly', 'scheduled', 9, '2026-01-09', '4', 'alex.rivera@locosouthboston.test', '2025-11-01', FALSE),
	('weekly', 'scheduled', 9, '2026-01-09', '5', 'dana.collins@224boston.test', '2025-11-01', FALSE),
	('weekly', 'scheduled', 9, '2026-01-09', '6', 'riley.morgan@petulasboston.test', '2025-11-01', FALSE),
	('weekly', 'scheduled', 9, '2026-01-09', '7', 'taylor.brooks@chickadeeboston.test', '2025-11-01', FALSE),
	('weekly', 'scheduled', 9, '2026-01-09', '8', 'elise.romano@coquetteboston.test', '2025-11-01', FALSE),
	('weekly', 'scheduled', 9, '2026-01-09', '11', 'morgan.lee@nautilusboston.test', '2025-11-01', FALSE),
	('weekly', 'scheduled', 9, '2026-01-09', '12', 'erin.foster@woodshillpier4.test', '2025-11-01', FALSE),
	('weekly', 'scheduled', 9, '2026-01-09', '62', 'eric@theblock.test', '2025-11-01', FALSE),
	('weekly', 'scheduled', 9, '2026-01-09', '14', 'amanda.chen@daviosseaport.test', '2025-11-01', FALSE),
	('weekly', 'scheduled', 9, '2026-01-09', '15', 'victor.russo@serafinaseaport.test', '2025-11-01', FALSE),
	('weekly', 'scheduled', 9, '2026-01-09', '63', 'katie@row34.test', '2025-11-01', FALSE),
	('weekly', 'scheduled', 9, '2026-01-09', '17', 'jordan.singh@tradeboston.test', '2025-11-01', FALSE),
	('weekly', 'scheduled', 9, '2026-01-09', '18', 'naomi.park@oya.boston.test', '2025-11-01', FALSE),
	('weekly', 'scheduled', 9, '2026-01-09', '19', 'miguel.silva@baleiaboston.test', '2025-11-01', FALSE),
	('weekly', 'scheduled', 9, '2026-01-09', '20', 'olivia.moore@fujiinkblock.test', '2025-11-01', FALSE),
	('weekly', 'scheduled', 9, '2026-01-09', '64', 'luca@capristeak.test', '2025-11-01', FALSE),
	('weekly', 'scheduled', 9, '2026-01-09', '22', 'daniel.reyes@311boston.test', '2025-11-01', FALSE),
	('weekly', 'scheduled', 9, '2026-01-09', '28', 'ken.n@douzoboston.test', '2025-11-01', FALSE),
	('weekly', 'scheduled', 9, '2026-01-09', '26', 'luca.b@srvboston.test', '2025-11-01', FALSE),
	('weekly', 'scheduled', 9, '2026-01-09', '30', 'adrian.s@zuma.test', '2025-11-01', FALSE),
	('weekly', 'scheduled', 9, '2026-01-09', '35', 'hana.m@nagomi.test', '2025-11-01', FALSE),
	('weekly', 'scheduled', 9, '2026-01-09', '36', 'leo@locofenway.test', '2025-11-01', FALSE),
	('weekly', 'scheduled', 9, '2026-01-09', '71', 'tobias.grant@asta.test', '2025-11-01', FALSE),
	('weekly', 'scheduled', 9, '2026-01-09', '42', 'vanessa.k@saltiegirl.test', '2025-11-01', FALSE),
	('weekly', 'scheduled', 9, '2026-01-09', '43', 'arnaud@lavoile.test', '2025-11-01', FALSE),
	('weekly', 'scheduled', 9, '2026-01-09', '46', 'serena.v@lapadrona.test', '2025-11-01', FALSE),
	('weekly', 'scheduled', 9, '2026-01-09', '47', 'max.d@thebanks.test', '2025-11-01', FALSE),
	('weekly', 'scheduled', 9, '2026-01-09', '48', 'olivia.p@daviosarlington.test', '2025-11-01', FALSE),
	('weekly', 'scheduled', 9, '2026-01-09', '70', 'rika@washin.test', '2025-11-01', FALSE),
	('weekly', 'scheduled', 9, '2026-01-09', '49', 'marcel@bistrodu.test', '2025-11-01', FALSE),
	('weekly', 'scheduled', 9, '2026-01-09', '66', 'kenji@cafesushi.test', '2025-11-01', FALSE),
	('weekly', 'scheduled', 9, '2026-01-09', '50', 'alina.c@rukaboston.test', '2025-11-01', FALSE),
	('weekly', 'scheduled', 9, '2026-01-09', '52', 'rafael@mariel.test', '2025-11-01', FALSE),
	('weekly', 'scheduled', 9, '2026-01-09', '53', 'madeline@oceanaire.test', '2025-11-01', FALSE),
	('weekly', 'scheduled', 9, '2026-01-09', '55', 'sofia.romano@mammamaria.test', '2025-11-01', FALSE),
	('weekly', 'scheduled', 9, '2026-01-13', '1', 'maria.rossi@caposouthboston.test', '2025-11-01', FALSE),
	('weekly', 'scheduled', 9, '2026-01-13', '2', 'jordan.price@huntersboston.test', '2025-11-01', FALSE),
	('weekly', 'scheduled', 9, '2026-01-13', '3', 'casey.nguyen@fatbabysouthboston.test', '2025-11-01', FALSE),
	('weekly', 'scheduled', 9, '2026-01-13', '4', 'alex.rivera@locosouthboston.test', '2025-11-01', FALSE),
	('weekly', 'scheduled', 9, '2026-01-13', '6', 'riley.morgan@petulasboston.test', '2025-11-01', FALSE),
	('weekly', 'scheduled', 9, '2026-01-13', '8', 'elise.romano@coquetteboston.test', '2025-11-01', FALSE),
	('weekly', 'scheduled', 9, '2026-01-13', '10', 'lauren.bishop@oceanprimeboston.test', '2025-11-01', FALSE),
	('weekly', 'scheduled', 9, '2026-01-13', '11', 'morgan.lee@nautilusboston.test', '2025-11-01', FALSE),
	('weekly', 'scheduled', 9, '2026-01-13', '62', 'eric@theblock.test', '2025-11-01', FALSE),
	('weekly', 'scheduled', 9, '2026-01-13', '12', 'erin.foster@woodshillpier4.test', '2025-11-01', FALSE),
	('weekly', 'scheduled', 9, '2026-01-13', '14', 'amanda.chen@daviosseaport.test', '2025-11-01', FALSE),
	('weekly', 'scheduled', 9, '2026-01-13', '15', 'victor.russo@serafinaseaport.test', '2025-11-01', FALSE),
	('weekly', 'scheduled', 9, '2026-01-13', '63', 'katie@row34.test', '2025-11-01', FALSE),
	('weekly', 'scheduled', 9, '2026-01-13', '17', 'jordan.singh@tradeboston.test', '2025-11-01', FALSE),
	('weekly', 'scheduled', 9, '2026-01-13', '18', 'naomi.park@oya.boston.test', '2025-11-01', FALSE),
	('weekly', 'scheduled', 9, '2026-01-13', '19', 'miguel.silva@baleiaboston.test', '2025-11-01', FALSE),
	('weekly', 'scheduled', 9, '2026-01-13', '64', 'luca@capristeak.test', '2025-11-01', FALSE),
	('weekly', 'scheduled', 9, '2026-01-13', '22', 'daniel.reyes@311boston.test', '2025-11-01', FALSE),
	('weekly', 'scheduled', 9, '2026-01-13', '28', 'ken.n@douzoboston.test', '2025-11-01', FALSE),
	('weekly', 'scheduled', 9, '2026-01-13', '27', 'sophie.grant@gigiboston.test', '2025-11-01', FALSE),
	('weekly', 'scheduled', 9, '2026-01-13', '65', 'mila@ilona.test', '2025-11-01', FALSE),
	('weekly', 'scheduled', 9, '2026-01-13', '26', 'luca.b@srvboston.test', '2025-11-01', FALSE),
	('weekly', 'scheduled', 9, '2026-01-13', '30', 'adrian.s@zuma.test', '2025-11-01', FALSE),
	('weekly', 'scheduled', 9, '2026-01-13', '34', 'brian.cole@glasshouse.test', '2025-11-01', FALSE),
	('weekly', 'scheduled', 9, '2026-01-13', '33', 'mei.tan@catalyst.test', '2025-11-01', FALSE),
	('weekly', 'scheduled', 9, '2026-01-13', '35', 'hana.m@nagomi.test', '2025-11-01', FALSE),
	('weekly', 'scheduled', 9, '2026-01-13', '36', 'leo@locofenway.test', '2025-11-01', FALSE),
	('weekly', 'scheduled', 9, '2026-01-13', '38', 'pierre@deuxave.test', '2025-11-01', FALSE),
	('weekly', 'scheduled', 9, '2026-01-13', '71', 'tobias.grant@asta.test', '2025-11-01', FALSE),
	('weekly', 'scheduled', 9, '2026-01-13', '39', 'keiko@uniboston.test', '2025-11-01', FALSE),
	('weekly', 'scheduled', 9, '2026-01-13', '41', 'colin.b@typhoon.test', '2025-11-01', FALSE),
	('weekly', 'scheduled', 9, '2026-01-13', '29', 'isabella.c@portoboston.test', '2025-11-01', FALSE),
	('weekly', 'scheduled', 9, '2026-01-13', '42', 'vanessa.k@saltiegirl.test', '2025-11-01', FALSE),
	('weekly', 'scheduled', 9, '2026-01-13', '46', 'serena.v@lapadrona.test', '2025-11-01', FALSE),
	('weekly', 'scheduled', 9, '2026-01-13', '43', 'arnaud@lavoile.test', '2025-11-01', FALSE),
	('weekly', 'scheduled', 9, '2026-01-13', '47', 'max.d@thebanks.test', '2025-11-01', FALSE),
	('weekly', 'scheduled', 9, '2026-01-13', '48', 'olivia.p@daviosarlington.test', '2025-11-01', FALSE),
	('weekly', 'scheduled', 9, '2026-01-13', '49', 'marcel@bistrodu.test', '2025-11-01', FALSE),
	('weekly', 'scheduled', 9, '2026-01-13', '66', 'trevor@1928cambridge.test', '2025-11-01', FALSE),
	('weekly', 'scheduled', 9, '2026-01-13', '50', 'alina.c@rukaboston.test', '2025-11-01', FALSE),
	('weekly', 'scheduled', 9, '2026-01-13', '52', 'rafael@mariel.test', '2025-11-01', FALSE),
	('weekly', 'scheduled', 9, '2026-01-13', '53', 'madeline@oceanaire.test', '2025-11-01', FALSE),
	('weekly', 'scheduled', 9, '2026-01-13', '55', 'sofia.romano@mammamaria.test', '2025-11-01', FALSE),
	('weekly', 'scheduled', 9, '2026-01-14', '24', 'marcus.yates@kaia.test', '2025-11-01', FALSE),
	('weekly', 'scheduled', 9, '2026-01-14', '25', 'tara.f@shoreleave.test', '2025-11-01', FALSE),
	('weekly', 'scheduled', 9, '2026-01-14', '30', 'adrian.s@zuma.test', '2025-11-01', FALSE),
	('weekly', 'scheduled', 10, '2026-01-14', '59', 'sabrina@dovetail.test', '2025-11-01', FALSE),
	('weekly', 'scheduled', 10, '2026-01-14', '61', 'jenna@brewersfork.test', '2025-11-01', FALSE),
	('weekly', 'scheduled', 10, '2026-01-14', '60', 'victor@primaboston.test', '2025-11-01', FALSE),
	('weekly', 'scheduled', 10, '2026-01-14', '66', 'kenji@cafesushi.test', '2025-11-01', FALSE),
	('weekly', 'scheduled', 10, '2026-01-14', '32', 'julian@pammys.test', '2025-11-01', FALSE),
	('weekly', 'scheduled', 10, '2026-01-14', '62', 'eric@theblock.test', '2025-11-01', FALSE),
	('weekly', 'scheduled', 10, '2026-01-14', '69', 'vivian@nine.test', '2025-11-01', FALSE),
	('weekly', 'scheduled', 10, '2026-01-14', '57', 'nisha@thaigerden.test', '2025-11-01', FALSE),
	('weekly', 'scheduled', 10, '2026-01-14', '9', 'noah.chen@mrhchinese.test', '2025-11-01', FALSE),
	('weekly', 'scheduled', 10, '2026-01-14', '22', 'daniel.reyes@311boston.test', '2025-11-01', FALSE),
	('weekly', 'scheduled', 9, '2026-01-16', '1', 'maria.rossi@caposouthboston.test', '2025-11-01', FALSE),
	('weekly', 'scheduled', 9, '2026-01-16', '2', 'jordan.price@huntersboston.test', '2025-11-01', FALSE),
	('weekly', 'scheduled', 9, '2026-01-16', '3', 'casey.nguyen@fatbabysouthboston.test', '2025-11-01', FALSE),
	('weekly', 'scheduled', 9, '2026-01-16', '4', 'alex.rivera@locosouthboston.test', '2025-11-01', FALSE),
	('weekly', 'scheduled', 9, '2026-01-16', '5', 'dana.collins@224boston.test', '2025-11-01', FALSE),
	('weekly', 'scheduled', 9, '2026-01-16', '6', 'riley.morgan@petulasboston.test', '2025-11-01', FALSE),
	('weekly', 'scheduled', 9, '2026-01-16', '7', 'taylor.brooks@chickadeeboston.test', '2025-11-01', FALSE),
	('weekly', 'scheduled', 9, '2026-01-16', '8', 'elise.romano@coquetteboston.test', '2025-11-01', FALSE),
	('weekly', 'scheduled', 9, '2026-01-16', '11', 'morgan.lee@nautilusboston.test', '2025-11-01', FALSE),
	('weekly', 'scheduled', 9, '2026-01-16', '12', 'erin.foster@woodshillpier4.test', '2025-11-01', FALSE),
	('weekly', 'scheduled', 9, '2026-01-16', '62', 'eric@theblock.test', '2025-11-01', FALSE),
	('weekly', 'scheduled', 9, '2026-01-16', '14', 'amanda.chen@daviosseaport.test', '2025-11-01', FALSE),
	('weekly', 'scheduled', 9, '2026-01-16', '15', 'victor.russo@serafinaseaport.test', '2025-11-01', FALSE),
	('weekly', 'scheduled', 9, '2026-01-16', '63', 'katie@row34.test', '2025-11-01', FALSE),
	('weekly', 'scheduled', 9, '2026-01-16', '17', 'jordan.singh@tradeboston.test', '2025-11-01', FALSE),
	('weekly', 'scheduled', 9, '2026-01-16', '18', 'naomi.park@oya.boston.test', '2025-11-01', FALSE),
	('weekly', 'scheduled', 9, '2026-01-16', '19', 'miguel.silva@baleiaboston.test', '2025-11-01', FALSE),
	('weekly', 'scheduled', 9, '2026-01-16', '20', 'olivia.moore@fujiinkblock.test', '2025-11-01', FALSE),
	('weekly', 'scheduled', 9, '2026-01-16', '64', 'luca@capristeak.test', '2025-11-01', FALSE),
	('weekly', 'scheduled', 9, '2026-01-16', '22', 'daniel.reyes@311boston.test', '2025-11-01', FALSE),
	('weekly', 'scheduled', 9, '2026-01-16', '28', 'ken.n@douzoboston.test', '2025-11-01', FALSE),
	('weekly', 'scheduled', 9, '2026-01-16', '26', 'luca.b@srvboston.test', '2025-11-01', FALSE),
	('weekly', 'scheduled', 9, '2026-01-16', '30', 'adrian.s@zuma.test', '2025-11-01', FALSE),
	('weekly', 'scheduled', 9, '2026-01-16', '35', 'hana.m@nagomi.test', '2025-11-01', FALSE),
	('weekly', 'scheduled', 9, '2026-01-16', '36', 'leo@locofenway.test', '2025-11-01', FALSE),
	('weekly', 'scheduled', 9, '2026-01-16', '71', 'tobias.grant@asta.test', '2025-11-01', FALSE),
	('weekly', 'scheduled', 9, '2026-01-16', '42', 'vanessa.k@saltiegirl.test', '2025-11-01', FALSE),
	('weekly', 'scheduled', 9, '2026-01-16', '43', 'arnaud@lavoile.test', '2025-11-01', FALSE),
	('weekly', 'scheduled', 9, '2026-01-16', '46', 'serena.v@lapadrona.test', '2025-11-01', FALSE),
	('weekly', 'scheduled', 9, '2026-01-16', '47', 'max.d@thebanks.test', '2025-11-01', FALSE),
	('weekly', 'scheduled', 9, '2026-01-16', '48', 'olivia.p@daviosarlington.test', '2025-11-01', FALSE),
	('weekly', 'scheduled', 9, '2026-01-16', '70', 'rika@washin.test', '2025-11-01', FALSE),
	('weekly', 'scheduled', 9, '2026-01-16', '49', 'marcel@bistrodu.test', '2025-11-01', FALSE),
	('weekly', 'scheduled', 9, '2026-01-16', '66', 'kenji@cafesushi.test', '2025-11-01', FALSE),
	('weekly', 'scheduled', 9, '2026-01-16', '50', 'alina.c@rukaboston.test', '2025-11-01', FALSE),
	('weekly', 'scheduled', 9, '2026-01-16', '52', 'rafael@mariel.test', '2025-11-01', FALSE),
	('weekly', 'scheduled', 9, '2026-01-16', '53', 'madeline@oceanaire.test', '2025-11-01', FALSE),
	('weekly', 'scheduled', 9, '2026-01-16', '55', 'sofia.romano@mammamaria.test', '2025-11-01', FALSE),
	('weekly', 'scheduled', 9, '2026-01-20', '1', 'maria.rossi@caposouthboston.test', '2025-11-01', FALSE),
	('weekly', 'scheduled', 9, '2026-01-20', '2', 'jordan.price@huntersboston.test', '2025-11-01', FALSE),
	('weekly', 'scheduled', 9, '2026-01-20', '3', 'casey.nguyen@fatbabysouthboston.test', '2025-11-01', FALSE),
	('weekly', 'scheduled', 9, '2026-01-20', '4', 'alex.rivera@locosouthboston.test', '2025-11-01', FALSE),
	('weekly', 'scheduled', 9, '2026-01-20', '6', 'riley.morgan@petulasboston.test', '2025-11-01', FALSE),
	('weekly', 'scheduled', 9, '2026-01-20', '8', 'elise.romano@coquetteboston.test', '2025-11-01', FALSE),
	('weekly', 'scheduled', 9, '2026-01-20', '10', 'lauren.bishop@oceanprimeboston.test', '2025-11-01', FALSE),
	('weekly', 'scheduled', 9, '2026-01-20', '11', 'morgan.lee@nautilusboston.test', '2025-11-01', FALSE),
	('weekly', 'scheduled', 9, '2026-01-20', '62', 'eric@theblock.test', '2025-11-01', FALSE),
	('weekly', 'scheduled', 9, '2026-01-20', '12', 'erin.foster@woodshillpier4.test', '2025-11-01', FALSE),
	('weekly', 'scheduled', 9, '2026-01-20', '14', 'amanda.chen@daviosseaport.test', '2025-11-01', FALSE),
	('weekly', 'scheduled', 9, '2026-01-20', '15', 'victor.russo@serafinaseaport.test', '2025-11-01', FALSE),
	('weekly', 'scheduled', 9, '2026-01-20', '63', 'katie@row34.test', '2025-11-01', FALSE),
	('weekly', 'scheduled', 9, '2026-01-20', '17', 'jordan.singh@tradeboston.test', '2025-11-01', FALSE),
	('weekly', 'scheduled', 9, '2026-01-20', '18', 'naomi.park@oya.boston.test', '2025-11-01', FALSE),
	('weekly', 'scheduled', 9, '2026-01-20', '19', 'miguel.silva@baleiaboston.test', '2025-11-01', FALSE),
	('weekly', 'scheduled', 9, '2026-01-20', '64', 'luca@capristeak.test', '2025-11-01', FALSE),
	('weekly', 'scheduled', 9, '2026-01-20', '22', 'daniel.reyes@311boston.test', '2025-11-01', FALSE),
	('weekly', 'scheduled', 9, '2026-01-20', '28', 'ken.n@douzoboston.test', '2025-11-01', FALSE),
	('weekly', 'scheduled', 9, '2026-01-20', '27', 'sophie.grant@gigiboston.test', '2025-11-01', FALSE),
	('weekly', 'scheduled', 9, '2026-01-20', '65', 'mila@ilona.test', '2025-11-01', FALSE),
	('weekly', 'scheduled', 9, '2026-01-20', '26', 'luca.b@srvboston.test', '2025-11-01', FALSE),
	('weekly', 'scheduled', 9, '2026-01-20', '30', 'adrian.s@zuma.test', '2025-11-01', FALSE),
	('weekly', 'scheduled', 9, '2026-01-20', '34', 'brian.cole@glasshouse.test', '2025-11-01', FALSE),
	('weekly', 'scheduled', 9, '2026-01-20', '33', 'mei.tan@catalyst.test', '2025-11-01', FALSE),
	('weekly', 'scheduled', 9, '2026-01-20', '35', 'hana.m@nagomi.test', '2025-11-01', FALSE),
	('weekly', 'scheduled', 9, '2026-01-20', '36', 'leo@locofenway.test', '2025-11-01', FALSE),
	('weekly', 'scheduled', 9, '2026-01-20', '38', 'pierre@deuxave.test', '2025-11-01', FALSE),
	('weekly', 'scheduled', 9, '2026-01-20', '71', 'tobias.grant@asta.test', '2025-11-01', FALSE),
	('weekly', 'scheduled', 9, '2026-01-20', '39', 'keiko@uniboston.test', '2025-11-01', FALSE),
	('weekly', 'scheduled', 9, '2026-01-20', '41', 'colin.b@typhoon.test', '2025-11-01', FALSE),
	('weekly', 'scheduled', 9, '2026-01-20', '29', 'isabella.c@portoboston.test', '2025-11-01', FALSE),
	('weekly', 'scheduled', 9, '2026-01-20', '42', 'vanessa.k@saltiegirl.test', '2025-11-01', FALSE),
	('weekly', 'scheduled', 9, '2026-01-20', '46', 'serena.v@lapadrona.test', '2025-11-01', FALSE),
	('weekly', 'scheduled', 9, '2026-01-20', '43', 'arnaud@lavoile.test', '2025-11-01', FALSE),
	('weekly', 'scheduled', 9, '2026-01-20', '47', 'max.d@thebanks.test', '2025-11-01', FALSE),
	('weekly', 'scheduled', 9, '2026-01-20', '48', 'olivia.p@daviosarlington.test', '2025-11-01', FALSE),
	('weekly', 'scheduled', 9, '2026-01-20', '49', 'marcel@bistrodu.test', '2025-11-01', FALSE),
	('weekly', 'scheduled', 9, '2026-01-20', '66', 'trevor@1928cambridge.test', '2025-11-01', FALSE),
	('weekly', 'scheduled', 9, '2026-01-20', '50', 'alina.c@rukaboston.test', '2025-11-01', FALSE),
	('weekly', 'scheduled', 9, '2026-01-20', '52', 'rafael@mariel.test', '2025-11-01', FALSE),
	('weekly', 'scheduled', 9, '2026-01-20', '53', 'madeline@oceanaire.test', '2025-11-01', FALSE),
	('weekly', 'scheduled', 9, '2026-01-20', '55', 'sofia.romano@mammamaria.test', '2025-11-01', FALSE),
	('weekly', 'scheduled', 9, '2026-01-21', '24', 'marcus.yates@kaia.test', '2025-11-01', FALSE),
	('weekly', 'scheduled', 9, '2026-01-21', '25', 'tara.f@shoreleave.test', '2025-11-01', FALSE),
	('weekly', 'scheduled', 9, '2026-01-21', '30', 'adrian.s@zuma.test', '2025-11-01', FALSE),
	('weekly', 'scheduled', 10, '2026-01-21', '59', 'sabrina@dovetail.test', '2025-11-01', FALSE),
	('weekly', 'scheduled', 10, '2026-01-21', '61', 'jenna@brewersfork.test', '2025-11-01', FALSE),
	('weekly', 'scheduled', 10, '2026-01-21', '60', 'victor@primaboston.test', '2025-11-01', FALSE),
	('weekly', 'scheduled', 10, '2026-01-21', '66', 'kenji@cafesushi.test', '2025-11-01', FALSE),
	('weekly', 'scheduled', 10, '2026-01-21', '32', 'julian@pammys.test', '2025-11-01', FALSE),
	('weekly', 'scheduled', 10, '2026-01-21', '62', 'eric@theblock.test', '2025-11-01', FALSE),
	('weekly', 'scheduled', 10, '2026-01-21', '69', 'vivian@nine.test', '2025-11-01', FALSE),
	('weekly', 'scheduled', 10, '2026-01-21', '57', 'nisha@thaigerden.test', '2025-11-01', FALSE),
	('weekly', 'scheduled', 10, '2026-01-21', '9', 'noah.chen@mrhchinese.test', '2025-11-01', FALSE),
	('weekly', 'scheduled', 10, '2026-01-21', '22', 'daniel.reyes@311boston.test', '2025-11-01', FALSE),
	('weekly', 'scheduled', 9, '2026-01-23', '1', 'maria.rossi@caposouthboston.test', '2025-11-01', FALSE),
	('weekly', 'scheduled', 9, '2026-01-23', '2', 'jordan.price@huntersboston.test', '2025-11-01', FALSE),
	('weekly', 'scheduled', 9, '2026-01-23', '3', 'casey.nguyen@fatbabysouthboston.test', '2025-11-01', FALSE),
	('weekly', 'scheduled', 9, '2026-01-23', '4', 'alex.rivera@locosouthboston.test', '2025-11-01', FALSE),
	('weekly', 'scheduled', 9, '2026-01-23', '5', 'dana.collins@224boston.test', '2025-11-01', FALSE),
	('weekly', 'scheduled', 9, '2026-01-23', '6', 'riley.morgan@petulasboston.test', '2025-11-01', FALSE),
	('weekly', 'scheduled', 9, '2026-01-23', '7', 'taylor.brooks@chickadeeboston.test', '2025-11-01', FALSE),
	('weekly', 'scheduled', 9, '2026-01-23', '8', 'elise.romano@coquetteboston.test', '2025-11-01', FALSE),
	('weekly', 'scheduled', 9, '2026-01-23', '11', 'morgan.lee@nautilusboston.test', '2025-11-01', FALSE),
	('weekly', 'scheduled', 9, '2026-01-23', '12', 'erin.foster@woodshillpier4.test', '2025-11-01', FALSE),
	('weekly', 'scheduled', 9, '2026-01-23', '62', 'eric@theblock.test', '2025-11-01', FALSE),
	('weekly', 'scheduled', 9, '2026-01-23', '14', 'amanda.chen@daviosseaport.test', '2025-11-01', FALSE),
	('weekly', 'scheduled', 9, '2026-01-23', '15', 'victor.russo@serafinaseaport.test', '2025-11-01', FALSE),
	('weekly', 'scheduled', 9, '2026-01-23', '63', 'katie@row34.test', '2025-11-01', FALSE),
	('weekly', 'scheduled', 9, '2026-01-23', '17', 'jordan.singh@tradeboston.test', '2025-11-01', FALSE),
	('weekly', 'scheduled', 9, '2026-01-23', '18', 'naomi.park@oya.boston.test', '2025-11-01', FALSE),
	('weekly', 'scheduled', 9, '2026-01-23', '19', 'miguel.silva@baleiaboston.test', '2025-11-01', FALSE),
	('weekly', 'scheduled', 9, '2026-01-23', '20', 'olivia.moore@fujiinkblock.test', '2025-11-01', FALSE),
	('weekly', 'scheduled', 9, '2026-01-23', '64', 'luca@capristeak.test', '2025-11-01', FALSE),
	('weekly', 'scheduled', 9, '2026-01-23', '22', 'daniel.reyes@311boston.test', '2025-11-01', FALSE),
	('weekly', 'scheduled', 9, '2026-01-23', '28', 'ken.n@douzoboston.test', '2025-11-01', FALSE),
	('weekly', 'scheduled', 9, '2026-01-23', '26', 'luca.b@srvboston.test', '2025-11-01', FALSE),
	('weekly', 'scheduled', 9, '2026-01-23', '30', 'adrian.s@zuma.test', '2025-11-01', FALSE),
	('weekly', 'scheduled', 9, '2026-01-23', '35', 'hana.m@nagomi.test', '2025-11-01', FALSE),
	('weekly', 'scheduled', 9, '2026-01-23', '36', 'leo@locofenway.test', '2025-11-01', FALSE),
	('weekly', 'scheduled', 9, '2026-01-23', '71', 'tobias.grant@asta.test', '2025-11-01', FALSE),
	('weekly', 'scheduled', 9, '2026-01-23', '42', 'vanessa.k@saltiegirl.test', '2025-11-01', FALSE),
	('weekly', 'scheduled', 9, '2026-01-23', '43', 'arnaud@lavoile.test', '2025-11-01', FALSE),
	('weekly', 'scheduled', 9, '2026-01-23', '46', 'serena.v@lapadrona.test', '2025-11-01', FALSE),
	('weekly', 'scheduled', 9, '2026-01-23', '47', 'max.d@thebanks.test', '2025-11-01', FALSE),
	('weekly', 'scheduled', 9, '2026-01-23', '48', 'olivia.p@daviosarlington.test', '2025-11-01', FALSE),
	('weekly', 'scheduled', 9, '2026-01-23', '70', 'rika@washin.test', '2025-11-01', FALSE),
	('weekly', 'scheduled', 9, '2026-01-23', '49', 'marcel@bistrodu.test', '2025-11-01', FALSE),
	('weekly', 'scheduled', 9, '2026-01-23', '66', 'kenji@cafesushi.test', '2025-11-01', FALSE),
	('weekly', 'scheduled', 9, '2026-01-23', '50', 'alina.c@rukaboston.test', '2025-11-01', FALSE),
	('weekly', 'scheduled', 9, '2026-01-23', '52', 'rafael@mariel.test', '2025-11-01', FALSE),
	('weekly', 'scheduled', 9, '2026-01-23', '53', 'madeline@oceanaire.test', '2025-11-01', FALSE),
	('weekly', 'scheduled', 9, '2026-01-23', '55', 'sofia.romano@mammamaria.test', '2025-11-01', FALSE),
	('weekly', 'scheduled', 9, '2026-01-27', '1', 'maria.rossi@caposouthboston.test', '2025-11-01', FALSE),
	('weekly', 'scheduled', 9, '2026-01-27', '2', 'jordan.price@huntersboston.test', '2025-11-01', FALSE),
	('weekly', 'scheduled', 9, '2026-01-27', '3', 'casey.nguyen@fatbabysouthboston.test', '2025-11-01', FALSE),
	('weekly', 'scheduled', 9, '2026-01-27', '4', 'alex.rivera@locosouthboston.test', '2025-11-01', FALSE),
	('weekly', 'scheduled', 9, '2026-01-27', '6', 'riley.morgan@petulasboston.test', '2025-11-01', FALSE),
	('weekly', 'scheduled', 9, '2026-01-27', '8', 'elise.romano@coquetteboston.test', '2025-11-01', FALSE),
	('weekly', 'scheduled', 9, '2026-01-27', '10', 'lauren.bishop@oceanprimeboston.test', '2025-11-01', FALSE),
	('weekly', 'scheduled', 9, '2026-01-27', '11', 'morgan.lee@nautilusboston.test', '2025-11-01', FALSE),
	('weekly', 'scheduled', 9, '2026-01-27', '62', 'eric@theblock.test', '2025-11-01', FALSE),
	('weekly', 'scheduled', 9, '2026-01-27', '12', 'erin.foster@woodshillpier4.test', '2025-11-01', FALSE),
	('weekly', 'scheduled', 9, '2026-01-27', '14', 'amanda.chen@daviosseaport.test', '2025-11-01', FALSE),
	('weekly', 'scheduled', 9, '2026-01-27', '15', 'victor.russo@serafinaseaport.test', '2025-11-01', FALSE),
	('weekly', 'scheduled', 9, '2026-01-27', '63', 'katie@row34.test', '2025-11-01', FALSE),
	('weekly', 'scheduled', 9, '2026-01-27', '17', 'jordan.singh@tradeboston.test', '2025-11-01', FALSE),
	('weekly', 'scheduled', 9, '2026-01-27', '18', 'naomi.park@oya.boston.test', '2025-11-01', FALSE),
	('weekly', 'scheduled', 9, '2026-01-27', '19', 'miguel.silva@baleiaboston.test', '2025-11-01', FALSE),
	('weekly', 'scheduled', 9, '2026-01-27', '64', 'luca@capristeak.test', '2025-11-01', FALSE),
	('weekly', 'scheduled', 9, '2026-01-27', '22', 'daniel.reyes@311boston.test', '2025-11-01', FALSE),
	('weekly', 'scheduled', 9, '2026-01-27', '28', 'ken.n@douzoboston.test', '2025-11-01', FALSE),
	('weekly', 'scheduled', 9, '2026-01-27', '27', 'sophie.grant@gigiboston.test', '2025-11-01', FALSE),
	('weekly', 'scheduled', 9, '2026-01-27', '65', 'mila@ilona.test', '2025-11-01', FALSE),
	('weekly', 'scheduled', 9, '2026-01-27', '26', 'luca.b@srvboston.test', '2025-11-01', FALSE),
	('weekly', 'scheduled', 9, '2026-01-27', '30', 'adrian.s@zuma.test', '2025-11-01', FALSE),
	('weekly', 'scheduled', 9, '2026-01-27', '34', 'brian.cole@glasshouse.test', '2025-11-01', FALSE),
	('weekly', 'scheduled', 9, '2026-01-27', '33', 'mei.tan@catalyst.test', '2025-11-01', FALSE),
	('weekly', 'scheduled', 9, '2026-01-27', '35', 'hana.m@nagomi.test', '2025-11-01', FALSE),
	('weekly', 'scheduled', 9, '2026-01-27', '36', 'leo@locofenway.test', '2025-11-01', FALSE),
	('weekly', 'scheduled', 9, '2026-01-27', '38', 'pierre@deuxave.test', '2025-11-01', FALSE),
	('weekly', 'scheduled', 9, '2026-01-27', '71', 'tobias.grant@asta.test', '2025-11-01', FALSE),
	('weekly', 'scheduled', 9, '2026-01-27', '39', 'keiko@uniboston.test', '2025-11-01', FALSE),
	('weekly', 'scheduled', 9, '2026-01-27', '41', 'colin.b@typhoon.test', '2025-11-01', FALSE),
	('weekly', 'scheduled', 9, '2026-01-27', '29', 'isabella.c@portoboston.test', '2025-11-01', FALSE),
	('weekly', 'scheduled', 9, '2026-01-27', '42', 'vanessa.k@saltiegirl.test', '2025-11-01', FALSE),
	('weekly', 'scheduled', 9, '2026-01-27', '46', 'serena.v@lapadrona.test', '2025-11-01', FALSE),
	('weekly', 'scheduled', 9, '2026-01-27', '43', 'arnaud@lavoile.test', '2025-11-01', FALSE),
	('weekly', 'scheduled', 9, '2026-01-27', '47', 'max.d@thebanks.test', '2025-11-01', FALSE),
	('weekly', 'scheduled', 9, '2026-01-27', '48', 'olivia.p@daviosarlington.test', '2025-11-01', FALSE),
	('weekly', 'scheduled', 9, '2026-01-27', '49', 'marcel@bistrodu.test', '2025-11-01', FALSE),
	('weekly', 'scheduled', 9, '2026-01-27', '66', 'trevor@1928cambridge.test', '2025-11-01', FALSE),
	('weekly', 'scheduled', 9, '2026-01-27', '50', 'alina.c@rukaboston.test', '2025-11-01', FALSE),
	('weekly', 'scheduled', 9, '2026-01-27', '52', 'rafael@mariel.test', '2025-11-01', FALSE),
	('weekly', 'scheduled', 9, '2026-01-27', '53', 'madeline@oceanaire.test', '2025-11-01', FALSE),
	('weekly', 'scheduled', 9, '2026-01-27', '55', 'sofia.romano@mammamaria.test', '2025-11-01', FALSE),
	('weekly', 'scheduled', 9, '2026-01-28', '24', 'marcus.yates@kaia.test', '2025-11-01', FALSE),
	('weekly', 'scheduled', 9, '2026-01-28', '25', 'tara.f@shoreleave.test', '2025-11-01', FALSE),
	('weekly', 'scheduled', 9, '2026-01-28', '30', 'adrian.s@zuma.test', '2025-11-01', FALSE),
	('weekly', 'scheduled', 10, '2026-01-28', '59', 'sabrina@dovetail.test', '2025-11-01', FALSE),
	('weekly', 'scheduled', 10, '2026-01-28', '61', 'jenna@brewersfork.test', '2025-11-01', FALSE),
	('weekly', 'scheduled', 10, '2026-01-28', '60', 'victor@primaboston.test', '2025-11-01', FALSE),
	('weekly', 'scheduled', 10, '2026-01-28', '66', 'kenji@cafesushi.test', '2025-11-01', FALSE),
	('weekly', 'scheduled', 10, '2026-01-28', '32', 'julian@pammys.test', '2025-11-01', FALSE),
	('weekly', 'scheduled', 10, '2026-01-28', '62', 'eric@theblock.test', '2025-11-01', FALSE),
	('weekly', 'scheduled', 10, '2026-01-28', '69', 'vivian@nine.test', '2025-11-01', FALSE),
	('weekly', 'scheduled', 10, '2026-01-28', '57', 'nisha@thaigerden.test', '2025-11-01', FALSE),
	('weekly', 'scheduled', 10, '2026-01-28', '9', 'noah.chen@mrhchinese.test', '2025-11-01', FALSE),
	('weekly', 'scheduled', 10, '2026-01-28', '22', 'daniel.reyes@311boston.test', '2025-11-01', FALSE),
	('weekly', 'scheduled', 9, '2026-01-30', '1', 'maria.rossi@caposouthboston.test', '2025-11-01', FALSE),
	('weekly', 'scheduled', 9, '2026-01-30', '2', 'jordan.price@huntersboston.test', '2025-11-01', FALSE),
	('weekly', 'scheduled', 9, '2026-01-30', '3', 'casey.nguyen@fatbabysouthboston.test', '2025-11-01', FALSE),
	('weekly', 'scheduled', 9, '2026-01-30', '4', 'alex.rivera@locosouthboston.test', '2025-11-01', FALSE),
	('weekly', 'scheduled', 9, '2026-01-30', '5', 'dana.collins@224boston.test', '2025-11-01', FALSE),
	('weekly', 'scheduled', 9, '2026-01-30', '6', 'riley.morgan@petulasboston.test', '2025-11-01', FALSE),
	('weekly', 'scheduled', 9, '2026-01-30', '7', 'taylor.brooks@chickadeeboston.test', '2025-11-01', FALSE),
	('weekly', 'scheduled', 9, '2026-01-30', '8', 'elise.romano@coquetteboston.test', '2025-11-01', FALSE),
	('weekly', 'scheduled', 9, '2026-01-30', '11', 'morgan.lee@nautilusboston.test', '2025-11-01', FALSE),
	('weekly', 'scheduled', 9, '2026-01-30', '12', 'erin.foster@woodshillpier4.test', '2025-11-01', FALSE),
	('weekly', 'scheduled', 9, '2026-01-30', '62', 'eric@theblock.test', '2025-11-01', FALSE),
	('weekly', 'scheduled', 9, '2026-01-30', '14', 'amanda.chen@daviosseaport.test', '2025-11-01', FALSE),
	('weekly', 'scheduled', 9, '2026-01-30', '15', 'victor.russo@serafinaseaport.test', '2025-11-01', FALSE),
	('weekly', 'scheduled', 9, '2026-01-30', '63', 'katie@row34.test', '2025-11-01', FALSE),
	('weekly', 'scheduled', 9, '2026-01-30', '17', 'jordan.singh@tradeboston.test', '2025-11-01', FALSE),
	('weekly', 'scheduled', 9, '2026-01-30', '18', 'naomi.park@oya.boston.test', '2025-11-01', FALSE),
	('weekly', 'scheduled', 9, '2026-01-30', '19', 'miguel.silva@baleiaboston.test', '2025-11-01', FALSE),
	('weekly', 'scheduled', 9, '2026-01-30', '20', 'olivia.moore@fujiinkblock.test', '2025-11-01', FALSE),
	('weekly', 'scheduled', 9, '2026-01-30', '64', 'luca@capristeak.test', '2025-11-01', FALSE),
	('weekly', 'scheduled', 9, '2026-01-30', '22', 'daniel.reyes@311boston.test', '2025-11-01', FALSE),
	('weekly', 'scheduled', 9, '2026-01-30', '28', 'ken.n@douzoboston.test', '2025-11-01', FALSE),
	('weekly', 'scheduled', 9, '2026-01-30', '26', 'luca.b@srvboston.test', '2025-11-01', FALSE),
	('weekly', 'scheduled', 9, '2026-01-30', '30', 'adrian.s@zuma.test', '2025-11-01', FALSE),
	('weekly', 'scheduled', 9, '2026-01-30', '35', 'hana.m@nagomi.test', '2025-11-01', FALSE),
	('weekly', 'scheduled', 9, '2026-01-30', '36', 'leo@locofenway.test', '2025-11-01', FALSE),
	('weekly', 'scheduled', 9, '2026-01-30', '71', 'tobias.grant@asta.test', '2025-11-01', FALSE),
	('weekly', 'scheduled', 9, '2026-01-30', '42', 'vanessa.k@saltiegirl.test', '2025-11-01', FALSE),
	('weekly', 'scheduled', 9, '2026-01-30', '43', 'arnaud@lavoile.test', '2025-11-01', FALSE),
	('weekly', 'scheduled', 9, '2026-01-30', '46', 'serena.v@lapadrona.test', '2025-11-01', FALSE),
	('weekly', 'scheduled', 9, '2026-01-30', '47', 'max.d@thebanks.test', '2025-11-01', FALSE),
	('weekly', 'scheduled', 9, '2026-01-30', '48', 'olivia.p@daviosarlington.test', '2025-11-01', FALSE),
	('weekly', 'scheduled', 9, '2026-01-30', '70', 'rika@washin.test', '2025-11-01', FALSE),
	('weekly', 'scheduled', 9, '2026-01-30', '49', 'marcel@bistrodu.test', '2025-11-01', FALSE),
	('weekly', 'scheduled', 9, '2026-01-30', '66', 'kenji@cafesushi.test', '2025-11-01', FALSE),
	('weekly', 'scheduled', 9, '2026-01-30', '50', 'alina.c@rukaboston.test', '2025-11-01', FALSE),
	('weekly', 'scheduled', 9, '2026-01-30', '52', 'rafael@mariel.test', '2025-11-01', FALSE),
	('weekly', 'scheduled', 9, '2026-01-30', '53', 'madeline@oceanaire.test', '2025-11-01', FALSE),
	('weekly', 'scheduled', 9, '2026-01-30', '55', 'sofia.romano@mammamaria.test', '2025-11-01', FALSE);

INSERT INTO contains (order_id, product_id, quantity) VALUES
	(1, 111, 4),
	(2, 179, 1),
	(3, 135, 2),
	(3, 101, 1),
	(4, 135, 2),
	(4, 196, 1),
	(5, 135, 1),
	(5, 111, 2),
	(6, 111, 2),
	(7, 200, 3),
	(7, 192, 3),
	(7, 179, 5),
	(8, 203, 2),
	(9, 107, 2),
	(9, 202, 2),
	(9, 134, 2),
	(10, 135, 1),
	(10, 203, 1),
	(10, 108, 1),
	(11, 228, 1),
	(12, 112, 2),
	(13, 147, 1),
	(13, 111, 1),
	(13, 186, 1),
	(13, 163, 1),
	(14, 113, 3),
	(14, 135, 1),
	(15, 202, 1),
	(15, 113, 2),
	(15, 134, 1),
	(15, 127, 1),
	(15, 147, 1),
	(16, 135, 2),
	(16, 113, 2),
	(17, 111, 2),
	(17, 147, 1),
	(18, 150, 3),
	(19, 134, 1),
	(19, 222, 1),
	(19, 193, 3),
	(20, 110, 3),
	(21, 186, 2),
	(22, 165, 1),
	(22, 147, 1),
	(22, 116, 1),
	(22, 207, 1),
	(22, 178, 1),
	(23, 222, 3),
	(23, 203, 4),
	(23, 163, 1),
	(23, 207, 1),
	(24, 224, 2),
	(25, 147, 1),
	(25, 202, 1),
	(25, 111, 1),
	(25, 222, 2),
	(26, 226, 1),
	(26, 222, 1),
	(27, 135, 2),
	(27, 197, 1),
	(28, 111, 1),
	(28, 147, 1),
	(28, 202, 1),
	(28, 162, 1),
	(28, 144, 1),
	(28, 186, 1),
	(28, 207, 1),
	(29, 118, 1),
	(29, 180, 1),
	(29, 229, 1),
	(29, 167, 1),
	(30, 202, 2),
	(30, 134, 2),
	(31, 195, 1),
	(32, 204, 1),
	(33, 140, 2),
	(33, 199, 1),
	(33, 135, 3),
	(33, 207, 4),
	(34, 112, 3),
	(34, 204, 2),
	(34, 220, 2),
	(35, 111, 2),
	(36, 135, 1),
	(36, 180, 1),
	(36, 207, 1),
	(37, 175, 5),
	(38, 211, 1),
	(38, 224, 1),
	(38, 110, 1),
	(38, 165, 1),
	(39, 200, 1),
	(39, 147, 1),
	(39, 124, 1),
	(39, 110, 1),
	(39, 202, 1),
	(39, 134, 1),
	(40, 134, 5),
	(40, 113, 2),
	(40, 110, 5),
	(40, 202, 2),
	(41, 111, 4),
	(41, 207, 1),
	(41, 179, 1),
	(42, 134, 1),
	(42, 186, 1),
	(42, 162, 1),
	(43, 207, 3),
	(43, 111, 2),
	(43, 196, 1),
	(43, 147, 1),
	(44, 165, 1),
	(44, 224, 2),
	(44, 202, 1),
	(45, 202, 1),
	(45, 135, 1),
	(45, 147, 1),
	(45, 162, 1),
	(46, 222, 3),
	(46, 203, 3),
	(46, 163, 1),
	(46, 207, 1),
	(47, 111, 1),
	(47, 119, 1),
	(48, 135, 1),
	(49, 111, 1),
	(50, 198, 1),
	(51, 149, 1),
	(52, 180, 2),
	(53, 104, 1),
	(53, 222, 1),
	(53, 207, 1),
	(53, 147, 1),
	(53, 180, 1),
	(53, 141, 1),
	(53, 201, 1),
	(54, 209, 1),
	(54, 220, 1),
	(54, 201, 1),
	(55, 179, 2),
	(56, 167, 2),
	(57, 111, 4),
	(58, 179, 1),
	(59, 203, 1),
	(59, 135, 2),
	(60, 135, 2),
	(61, 111, 1),
	(61, 222, 2),
	(62, 111, 2),
	(62, 135, 1),
	(63, 212, 1),
	(64, 111, 2),
	(65, 203, 2),
	(66, 128, 1),
	(66, 135, 1),
	(66, 108, 1),
	(66, 203, 1),
	(67, 107, 2),
	(67, 134, 2),
	(67, 202, 2),
	(68, 228, 1),
	(69, 112, 2),
	(70, 111, 1),
	(70, 186, 1),
	(70, 148, 1),
	(70, 163, 1),
	(71, 113, 2),
	(71, 135, 1),
	(72, 113, 1),
	(72, 203, 1),
	(73, 135, 3),
	(73, 113, 3),
	(74, 163, 2),
	(74, 197, 1),
	(75, 111, 2),
	(75, 147, 1),
	(76, 150, 3),
	(76, 167, 1),
	(77, 222, 1),
	(77, 193, 2),
	(77, 134, 1),
	(78, 166, 1),
	(78, 147, 1),
	(78, 208, 1),
	(78, 116, 1),
	(79, 222, 5),
	(79, 203, 4),
	(79, 163, 1),
	(79, 207, 2),
	(80, 226, 1),
	(80, 222, 2),
	(81, 135, 2),
	(81, 197, 1),
	(82, 180, 1),
	(82, 229, 1),
	(82, 120, 1),
	(82, 167, 1),
	(83, 140, 2),
	(83, 135, 3),
	(83, 207, 4),
	(83, 199, 1),
	(84, 111, 2),
	(85, 112, 4),
	(85, 204, 2),
	(85, 220, 2),
	(85, 149, 1),
	(85, 180, 1),
	(86, 180, 1),
	(86, 207, 1),
	(86, 135, 1),
	(87, 186, 5),
	(88, 163, 1),
	(89, 211, 1),
	(89, 224, 1),
	(89, 110, 1),
	(89, 165, 1),
	(90, 134, 1),
	(90, 124, 1),
	(90, 110, 1),
	(90, 147, 1),
	(90, 200, 1),
	(91, 113, 3),
	(91, 202, 2),
	(91, 134, 5),
	(91, 110, 6),
	(92, 111, 4),
	(92, 179, 1),
	(92, 207, 1),
	(93, 186, 1),
	(93, 134, 1),
	(93, 162, 1),
	(94, 111, 1),
	(94, 196, 1),
	(94, 207, 3),
	(94, 147, 1),
	(95, 111, 4),
	(96, 179, 1),
	(97, 135, 2),
	(97, 101, 1),
	(98, 135, 2),
	(98, 196, 1),
	(99, 135, 1),
	(99, 111, 2),
	(100, 111, 2),
	(101, 200, 3),
	(101, 192, 3),
	(101, 179, 5),
	(102, 203, 2),
	(103, 107, 2),
	(103, 202, 2),
	(103, 134, 2),
	(104, 135, 1),
	(104, 203, 1),
	(104, 108, 1),
	(105, 228, 1),
	(106, 112, 2),
	(107, 147, 1),
	(107, 111, 1),
	(107, 186, 1),
	(107, 163, 1),
	(108, 113, 3),
	(108, 135, 1),
	(109, 202, 1),
	(109, 113, 2),
	(109, 134, 1),
	(109, 127, 1),
	(109, 147, 1),
	(110, 135, 2),
	(110, 113, 2),
	(111, 111, 2),
	(111, 147, 1),
	(112, 150, 3),
	(113, 134, 1),
	(113, 222, 1),
	(113, 193, 3),
	(114, 110, 3),
	(115, 186, 2),
	(116, 165, 1),
	(116, 147, 1),
	(116, 116, 1),
	(116, 207, 1),
	(116, 178, 1),
	(117, 222, 3),
	(117, 203, 4),
	(117, 163, 1),
	(117, 207, 1),
	(118, 224, 2),
	(119, 147, 1),
	(119, 202, 1),
	(119, 111, 1),
	(119, 222, 2),
	(120, 226, 1),
	(120, 222, 1),
	(121, 135, 2),
	(121, 197, 1),
	(122, 111, 1),
	(122, 147, 1),
	(122, 202, 1),
	(122, 162, 1),
	(122, 144, 1),
	(122, 186, 1),
	(122, 207, 1),
	(123, 118, 1),
	(123, 180, 1),
	(123, 229, 1),
	(123, 167, 1),
	(124, 202, 2),
	(124, 134, 2),
	(125, 195, 1),
	(126, 204, 1),
	(127, 140, 2),
	(127, 199, 1),
	(127, 135, 3),
	(127, 207, 4),
	(128, 112, 3),
	(128, 204, 2),
	(128, 220, 2),
	(129, 111, 2),
	(130, 135, 1),
	(130, 180, 1),
	(130, 207, 1),
	(131, 175, 5),
	(132, 211, 1),
	(132, 224, 1),
	(132, 110, 1),
	(132, 165, 1),
	(133, 200, 1),
	(133, 147, 1),
	(133, 124, 1),
	(133, 110, 1),
	(133, 202, 1),
	(133, 134, 1),
	(134, 134, 5),
	(134, 113, 2),
	(134, 110, 5),
	(134, 202, 2),
	(135, 111, 4),
	(135, 207, 1),
	(135, 179, 1),
	(136, 134, 1),
	(136, 186, 1),
	(136, 162, 1),
	(137, 207, 3),
	(137, 111, 2),
	(137, 196, 1),
	(137, 147, 1),
	(138, 165, 1),
	(138, 224, 2),
	(138, 202, 1),
	(139, 202, 1),
	(139, 135, 1),
	(139, 147, 1),
	(139, 162, 1),
	(140, 222, 3),
	(140, 203, 3),
	(140, 163, 1),
	(140, 207, 1),
	(141, 111, 1),
	(141, 119, 1),
	(142, 135, 1),
	(143, 111, 1),
	(144, 198, 1),
	(145, 149, 1),
	(146, 180, 2),
	(147, 104, 1),
	(147, 222, 1),
	(147, 207, 1),
	(147, 147, 1),
	(147, 180, 1),
	(147, 141, 1),
	(147, 201, 1),
	(148, 209, 1),
	(148, 220, 1),
	(148, 201, 1),
	(149, 179, 2),
	(150, 167, 2),
	(151, 111, 4),
	(152, 179, 1),
	(153, 203, 1),
	(153, 135, 2),
	(154, 135, 2),
	(155, 111, 1),
	(155, 222, 2),
	(156, 111, 2),
	(156, 135, 1),
	(157, 212, 1),
	(158, 111, 2),
	(159, 203, 2),
	(160, 128, 1),
	(160, 135, 1),
	(160, 108, 1),
	(160, 203, 1),
	(161, 107, 2),
	(161, 134, 2),
	(161, 202, 2),
	(162, 228, 1),
	(163, 112, 2),
	(164, 111, 1),
	(164, 186, 1),
	(164, 148, 1),
	(164, 163, 1),
	(165, 113, 2),
	(165, 135, 1),
	(166, 113, 1),
	(166, 203, 1),
	(167, 135, 3),
	(167, 113, 3),
	(168, 163, 2),
	(168, 197, 1),
	(169, 111, 2),
	(169, 147, 1),
	(170, 150, 3),
	(170, 167, 1),
	(171, 222, 1),
	(171, 193, 2),
	(171, 134, 1),
	(172, 166, 1),
	(172, 147, 1),
	(172, 208, 1),
	(172, 116, 1),
	(173, 222, 5),
	(173, 203, 4),
	(173, 163, 1),
	(173, 207, 2),
	(174, 226, 1),
	(174, 222, 2),
	(175, 135, 2),
	(175, 197, 1),
	(176, 180, 1),
	(176, 229, 1),
	(176, 120, 1),
	(176, 167, 1),
	(177, 140, 2),
	(177, 135, 3),
	(177, 207, 4),
	(177, 199, 1),
	(178, 111, 2),
	(179, 112, 4),
	(179, 204, 2),
	(179, 220, 2),
	(179, 149, 1),
	(179, 180, 1),
	(180, 180, 1),
	(180, 207, 1),
	(180, 135, 1),
	(181, 186, 5),
	(182, 163, 1),
	(183, 211, 1),
	(183, 224, 1),
	(183, 110, 1),
	(183, 165, 1),
	(184, 134, 1),
	(184, 124, 1),
	(184, 110, 1),
	(184, 147, 1),
	(184, 200, 1),
	(185, 113, 3),
	(185, 202, 2),
	(185, 134, 5),
	(185, 110, 6),
	(186, 111, 4),
	(186, 179, 1),
	(186, 207, 1),
	(187, 186, 1),
	(187, 134, 1),
	(187, 162, 1),
	(188, 111, 1),
	(188, 196, 1),
	(188, 207, 3),
	(188, 147, 1),
	(189, 111, 4),
	(190, 179, 1),
	(191, 135, 2),
	(191, 101, 1),
	(192, 135, 2),
	(192, 196, 1),
	(193, 135, 1),
	(193, 111, 2),
	(194, 111, 2),
	(195, 200, 3),
	(195, 192, 3),
	(195, 179, 5),
	(196, 203, 2),
	(197, 107, 2),
	(197, 202, 2),
	(197, 134, 2),
	(198, 135, 1),
	(198, 203, 1),
	(198, 108, 1),
	(199, 228, 1),
	(200, 112, 2),
	(201, 147, 1),
	(201, 111, 1),
	(201, 186, 1),
	(201, 163, 1),
	(202, 113, 3),
	(202, 135, 1),
	(203, 202, 1),
	(203, 113, 2),
	(203, 134, 1),
	(203, 127, 1),
	(203, 147, 1),
	(204, 135, 2),
	(204, 113, 2),
	(205, 111, 2),
	(205, 147, 1),
	(206, 150, 3),
	(207, 134, 1),
	(207, 222, 1),
	(207, 193, 3),
	(208, 110, 3),
	(209, 186, 2),
	(210, 165, 1),
	(210, 147, 1),
	(210, 116, 1),
	(210, 207, 1),
	(210, 178, 1),
	(211, 222, 3),
	(211, 203, 4),
	(211, 163, 1),
	(211, 207, 1),
	(212, 224, 2),
	(213, 147, 1),
	(213, 202, 1),
	(213, 111, 1),
	(213, 222, 2),
	(214, 226, 1),
	(214, 222, 1),
	(215, 135, 2),
	(215, 197, 1),
	(216, 111, 1),
	(216, 147, 1),
	(216, 202, 1),
	(216, 162, 1),
	(216, 144, 1),
	(216, 186, 1),
	(216, 207, 1),
	(217, 118, 1),
	(217, 180, 1),
	(217, 229, 1),
	(217, 167, 1),
	(218, 202, 2),
	(218, 134, 2),
	(219, 195, 1),
	(220, 204, 1),
	(221, 140, 2),
	(221, 199, 1),
	(221, 135, 3),
	(221, 207, 4),
	(222, 112, 3),
	(222, 204, 2),
	(222, 220, 2),
	(223, 111, 2),
	(224, 135, 1),
	(224, 180, 1),
	(224, 207, 1),
	(225, 175, 5),
	(226, 211, 1),
	(226, 224, 1),
	(226, 110, 1),
	(226, 165, 1),
	(227, 200, 1),
	(227, 147, 1),
	(227, 124, 1),
	(227, 110, 1),
	(227, 202, 1),
	(227, 134, 1),
	(228, 134, 5),
	(228, 113, 2),
	(228, 110, 5),
	(228, 202, 2),
	(229, 111, 4),
	(229, 207, 1),
	(229, 179, 1),
	(230, 134, 1),
	(230, 186, 1),
	(230, 162, 1),
	(231, 207, 3),
	(231, 111, 2),
	(231, 196, 1),
	(231, 147, 1),
	(232, 165, 1),
	(232, 224, 2),
	(232, 202, 1),
	(233, 202, 1),
	(233, 135, 1),
	(233, 147, 1),
	(233, 162, 1),
	(234, 222, 3),
	(234, 203, 3),
	(234, 163, 1),
	(234, 207, 1),
	(235, 111, 1),
	(235, 119, 1),
	(236, 135, 1),
	(237, 111, 1),
	(238, 198, 1),
	(239, 149, 1),
	(240, 180, 2),
	(241, 104, 1),
	(241, 222, 1),
	(241, 207, 1),
	(241, 147, 1),
	(241, 180, 1),
	(241, 141, 1),
	(241, 201, 1),
	(242, 209, 1),
	(242, 220, 1),
	(242, 201, 1),
	(243, 179, 2),
	(244, 167, 2),
	(245, 111, 4),
	(246, 179, 1),
	(247, 203, 1),
	(247, 135, 2),
	(248, 135, 2),
	(249, 111, 1),
	(249, 222, 2),
	(250, 111, 2),
	(250, 135, 1),
	(251, 212, 1),
	(252, 111, 2),
	(253, 203, 2),
	(254, 128, 1),
	(254, 135, 1),
	(254, 108, 1),
	(254, 203, 1),
	(255, 107, 2),
	(255, 134, 2),
	(255, 202, 2),
	(256, 228, 1),
	(257, 112, 2),
	(258, 111, 1),
	(258, 186, 1),
	(258, 148, 1),
	(258, 163, 1),
	(259, 113, 2),
	(259, 135, 1),
	(260, 113, 1),
	(260, 203, 1),
	(261, 135, 3),
	(261, 113, 3),
	(262, 163, 2),
	(262, 197, 1),
	(263, 111, 2),
	(263, 147, 1),
	(264, 150, 3),
	(264, 167, 1),
	(265, 222, 1),
	(265, 193, 2),
	(265, 134, 1),
	(266, 166, 1),
	(266, 147, 1),
	(266, 208, 1),
	(266, 116, 1),
	(267, 222, 5),
	(267, 203, 4),
	(267, 163, 1),
	(267, 207, 2),
	(268, 226, 1),
	(268, 222, 2),
	(269, 135, 2),
	(269, 197, 1),
	(270, 180, 1),
	(270, 229, 1),
	(270, 120, 1),
	(270, 167, 1),
	(271, 140, 2),
	(271, 135, 3),
	(271, 207, 4),
	(271, 199, 1),
	(272, 111, 2),
	(273, 112, 4),
	(273, 204, 2),
	(273, 220, 2),
	(273, 149, 1),
	(273, 180, 1),
	(274, 180, 1),
	(274, 207, 1),
	(274, 135, 1),
	(275, 186, 5),
	(276, 163, 1),
	(277, 211, 1),
	(277, 224, 1),
	(277, 110, 1),
	(277, 165, 1),
	(278, 134, 1),
	(278, 124, 1),
	(278, 110, 1),
	(278, 147, 1),
	(278, 200, 1),
	(279, 113, 3),
	(279, 202, 2),
	(279, 134, 5),
	(279, 110, 6),
	(280, 111, 4),
	(280, 179, 1),
	(280, 207, 1),
	(281, 186, 1),
	(281, 134, 1),
	(281, 162, 1),
	(282, 111, 1),
	(282, 196, 1),
	(282, 207, 3),
	(282, 147, 1),
	(283, 111, 4),
	(284, 179, 1),
	(285, 135, 2),
	(285, 101, 1),
	(286, 135, 2),
	(286, 196, 1),
	(287, 135, 1),
	(287, 111, 2),
	(288, 111, 2),
	(289, 200, 3),
	(289, 192, 3),
	(289, 179, 5),
	(290, 203, 2),
	(291, 107, 2),
	(291, 202, 2),
	(291, 134, 2),
	(292, 135, 1),
	(292, 203, 1),
	(292, 108, 1),
	(293, 228, 1),
	(294, 112, 2),
	(295, 147, 1),
	(295, 111, 1),
	(295, 186, 1),
	(295, 163, 1),
	(296, 113, 3),
	(296, 135, 1),
	(297, 202, 1),
	(297, 113, 2),
	(297, 134, 1),
	(297, 127, 1),
	(297, 147, 1),
	(298, 135, 2),
	(298, 113, 2),
	(299, 111, 2),
	(299, 147, 1),
	(300, 150, 3),
	(301, 134, 1),
	(301, 222, 1),
	(301, 193, 3),
	(302, 110, 3),
	(303, 186, 2),
	(304, 165, 1),
	(304, 147, 1),
	(304, 116, 1),
	(304, 207, 1),
	(304, 178, 1),
	(305, 222, 3),
	(305, 203, 4),
	(305, 163, 1),
	(305, 207, 1),
	(306, 224, 2),
	(307, 147, 1),
	(307, 202, 1),
	(307, 111, 1),
	(307, 222, 2),
	(308, 226, 1),
	(308, 222, 1),
	(309, 135, 2),
	(309, 197, 1),
	(310, 111, 1),
	(310, 147, 1),
	(310, 202, 1),
	(310, 162, 1),
	(310, 144, 1),
	(310, 186, 1),
	(310, 207, 1),
	(311, 118, 1),
	(311, 180, 1),
	(311, 229, 1),
	(311, 167, 1),
	(312, 202, 2),
	(312, 134, 2),
	(313, 195, 1),
	(314, 204, 1),
	(315, 140, 2),
	(315, 199, 1),
	(315, 135, 3),
	(315, 207, 4),
	(316, 112, 3),
	(316, 204, 2),
	(316, 220, 2),
	(317, 111, 2),
	(318, 135, 1),
	(318, 180, 1),
	(318, 207, 1),
	(319, 175, 5),
	(320, 211, 1),
	(320, 224, 1),
	(320, 110, 1),
	(320, 165, 1),
	(321, 200, 1),
	(321, 147, 1),
	(321, 124, 1),
	(321, 110, 1),
	(321, 202, 1),
	(321, 134, 1),
	(322, 134, 5),
	(322, 113, 2),
	(322, 110, 5),
	(322, 202, 2),
	(323, 111, 4),
	(323, 207, 1),
	(323, 179, 1),
	(324, 134, 1),
	(324, 186, 1),
	(324, 162, 1),
	(325, 207, 3),
	(325, 111, 2),
	(325, 196, 1),
	(325, 147, 1),
	(326, 165, 1),
	(326, 224, 2),
	(326, 202, 1),
	(327, 202, 1),
	(327, 135, 1),
	(327, 147, 1),
	(327, 162, 1),
	(328, 222, 3),
	(328, 203, 3),
	(328, 163, 1),
	(328, 207, 1),
	(329, 111, 1),
	(329, 119, 1),
	(330, 135, 1),
	(331, 111, 1),
	(332, 198, 1),
	(333, 149, 1),
	(334, 180, 2),
	(335, 104, 1),
	(335, 222, 1),
	(335, 207, 1),
	(335, 147, 1),
	(335, 180, 1),
	(335, 141, 1),
	(335, 201, 1),
	(336, 209, 1),
	(336, 220, 1),
	(336, 201, 1),
	(337, 179, 2),
	(338, 167, 2),
	(339, 111, 4),
	(340, 179, 1),
	(341, 203, 1),
	(341, 135, 2),
	(342, 135, 2),
	(343, 111, 1),
	(343, 222, 2),
	(344, 111, 2),
	(344, 135, 1),
	(345, 212, 1),
	(346, 111, 2),
	(347, 203, 2),
	(348, 128, 1),
	(348, 135, 1),
	(348, 108, 1),
	(348, 203, 1),
	(349, 107, 2),
	(349, 134, 2),
	(349, 202, 2),
	(350, 228, 1),
	(351, 112, 2),
	(352, 111, 1),
	(352, 186, 1),
	(352, 148, 1),
	(352, 163, 1),
	(353, 113, 2),
	(353, 135, 1),
	(354, 113, 1),
	(354, 203, 1),
	(355, 135, 3),
	(355, 113, 3),
	(356, 163, 2),
	(356, 197, 1),
	(357, 111, 2),
	(357, 147, 1),
	(358, 150, 3),
	(358, 167, 1),
	(359, 222, 1),
	(359, 193, 2),
	(359, 134, 1),
	(360, 166, 1),
	(360, 147, 1),
	(360, 208, 1),
	(360, 116, 1),
	(361, 222, 5),
	(361, 203, 4),
	(361, 163, 1),
	(361, 207, 2),
	(362, 226, 1),
	(362, 222, 2),
	(363, 135, 2),
	(363, 197, 1),
	(364, 180, 1),
	(364, 229, 1),
	(364, 120, 1),
	(364, 167, 1),
	(365, 140, 2),
	(365, 135, 3),
	(365, 207, 4),
	(365, 199, 1),
	(366, 111, 2),
	(367, 112, 4),
	(367, 204, 2),
	(367, 220, 2),
	(367, 149, 1),
	(367, 180, 1),
	(368, 180, 1),
	(368, 207, 1),
	(368, 135, 1),
	(369, 186, 5),
	(370, 163, 1),
	(371, 211, 1),
	(371, 224, 1),
	(371, 110, 1),
	(371, 165, 1),
	(372, 134, 1),
	(372, 124, 1),
	(372, 110, 1),
	(372, 147, 1),
	(372, 200, 1),
	(373, 113, 3),
	(373, 202, 2),
	(373, 134, 5),
	(373, 110, 6),
	(374, 111, 4),
	(374, 179, 1),
	(374, 207, 1),
	(375, 186, 1),
	(375, 134, 1),
	(375, 162, 1),
	(376, 111, 1),
	(376, 196, 1),
	(376, 207, 3),
	(376, 147, 1),
	(377, 111, 4),
	(378, 179, 1),
	(379, 135, 2),
	(379, 101, 1),
	(380, 135, 2),
	(380, 196, 1),
	(381, 135, 1),
	(381, 111, 2),
	(382, 111, 2),
	(383, 200, 3),
	(383, 192, 3),
	(383, 179, 5),
	(384, 203, 2),
	(385, 107, 2),
	(385, 202, 2),
	(385, 134, 2),
	(386, 135, 1),
	(386, 203, 1),
	(386, 108, 1),
	(387, 228, 1),
	(388, 112, 2),
	(389, 147, 1),
	(389, 111, 1),
	(389, 186, 1),
	(389, 163, 1),
	(390, 113, 3),
	(390, 135, 1),
	(391, 202, 1),
	(391, 113, 2),
	(391, 134, 1),
	(391, 127, 1),
	(391, 147, 1),
	(392, 135, 2),
	(392, 113, 2),
	(393, 111, 2),
	(393, 147, 1),
	(394, 150, 3),
	(395, 134, 1),
	(395, 222, 1),
	(395, 193, 3),
	(396, 110, 3),
	(397, 186, 2),
	(398, 165, 1),
	(398, 147, 1),
	(398, 116, 1),
	(398, 207, 1),
	(398, 178, 1),
	(399, 222, 3),
	(399, 203, 4),
	(399, 163, 1),
	(399, 207, 1),
	(400, 224, 2),
	(401, 147, 1),
	(401, 202, 1),
	(401, 111, 1),
	(401, 222, 2),
	(402, 226, 1),
	(402, 222, 1),
	(403, 135, 2),
	(403, 197, 1),
	(404, 111, 1),
	(404, 147, 1),
	(404, 202, 1),
	(404, 162, 1),
	(404, 144, 1),
	(404, 186, 1),
	(404, 207, 1),
	(405, 118, 1),
	(405, 180, 1),
	(405, 229, 1),
	(405, 167, 1),
	(406, 202, 2),
	(406, 134, 2),
	(407, 195, 1),
	(408, 204, 1),
	(409, 140, 2),
	(409, 199, 1),
	(409, 135, 3),
	(409, 207, 4),
	(410, 112, 3),
	(410, 204, 2),
	(410, 220, 2),
	(411, 111, 2),
	(412, 135, 1),
	(412, 180, 1),
	(412, 207, 1),
	(413, 175, 5),
	(414, 211, 1),
	(414, 224, 1),
	(414, 110, 1),
	(414, 165, 1),
	(415, 200, 1),
	(415, 147, 1),
	(415, 124, 1),
	(415, 110, 1),
	(415, 202, 1),
	(415, 134, 1),
	(416, 134, 5),
	(416, 113, 2),
	(416, 110, 5),
	(416, 202, 2),
	(417, 111, 4),
	(417, 207, 1),
	(417, 179, 1),
	(418, 134, 1),
	(418, 186, 1),
	(418, 162, 1),
	(419, 207, 3),
	(419, 111, 2),
	(419, 196, 1),
	(419, 147, 1),
	(420, 165, 1),
	(420, 224, 2),
	(420, 202, 1),
	(421, 202, 1),
	(421, 135, 1),
	(421, 147, 1),
	(421, 162, 1),
	(422, 222, 3),
	(422, 203, 3),
	(422, 163, 1),
	(422, 207, 1),
	(423, 111, 1),
	(423, 119, 1),
	(424, 135, 1),
	(425, 111, 1),
	(426, 198, 1),
	(427, 149, 1),
	(428, 180, 2),
	(429, 104, 1),
	(429, 222, 1),
	(429, 207, 1),
	(429, 147, 1),
	(429, 180, 1),
	(429, 141, 1),
	(429, 201, 1),
	(430, 209, 1),
	(430, 220, 1),
	(430, 201, 1),
	(431, 179, 2),
	(432, 167, 2),
	(433, 111, 4),
	(434, 179, 1),
	(435, 203, 1),
	(435, 135, 2),
	(436, 135, 2),
	(437, 111, 1),
	(437, 222, 2),
	(438, 111, 2),
	(438, 135, 1),
	(439, 212, 1),
	(440, 111, 2),
	(441, 203, 2),
	(442, 128, 1),
	(442, 135, 1),
	(442, 108, 1),
	(442, 203, 1),
	(443, 107, 2),
	(443, 134, 2),
	(443, 202, 2),
	(444, 228, 1),
	(445, 112, 2),
	(446, 111, 1),
	(446, 186, 1),
	(446, 148, 1),
	(446, 163, 1),
	(447, 113, 2),
	(447, 135, 1),
	(448, 113, 1),
	(448, 203, 1),
	(449, 135, 3),
	(449, 113, 3),
	(450, 163, 2),
	(450, 197, 1),
	(451, 111, 2),
	(451, 147, 1),
	(452, 150, 3),
	(452, 167, 1),
	(453, 222, 1),
	(453, 193, 2),
	(453, 134, 1),
	(454, 166, 1),
	(454, 147, 1),
	(454, 208, 1),
	(454, 116, 1),
	(455, 222, 5),
	(455, 203, 4),
	(455, 163, 1),
	(455, 207, 2),
	(456, 226, 1),
	(456, 222, 2),
	(457, 135, 2),
	(457, 197, 1),
	(458, 180, 1),
	(458, 229, 1),
	(458, 120, 1),
	(458, 167, 1),
	(459, 140, 2),
	(459, 135, 3),
	(459, 207, 4),
	(459, 199, 1),
	(460, 111, 2),
	(461, 112, 4),
	(461, 204, 2),
	(461, 220, 2),
	(461, 149, 1),
	(461, 180, 1),
	(462, 180, 1),
	(462, 207, 1),
	(462, 135, 1),
	(463, 186, 5),
	(464, 163, 1),
	(465, 211, 1),
	(465, 224, 1),
	(465, 110, 1),
	(465, 165, 1),
	(466, 134, 1),
	(466, 124, 1),
	(466, 110, 1),
	(466, 147, 1),
	(466, 200, 1),
	(467, 113, 3),
	(467, 202, 2),
	(467, 134, 5),
	(467, 110, 6),
	(468, 111, 4),
	(468, 179, 1),
	(468, 207, 1),
	(469, 186, 1),
	(469, 134, 1),
	(469, 162, 1),
	(470, 111, 1),
	(470, 196, 1),
	(470, 207, 3),
	(470, 147, 1),
	(471, 111, 4),
	(472, 179, 1),
	(473, 135, 2),
	(473, 101, 1),
	(474, 135, 2),
	(474, 196, 1),
	(475, 135, 1),
	(475, 111, 2),
	(476, 111, 2),
	(477, 200, 3),
	(477, 192, 3),
	(477, 179, 5),
	(478, 203, 2),
	(479, 107, 2),
	(479, 202, 2),
	(479, 134, 2),
	(480, 135, 1),
	(480, 203, 1),
	(480, 108, 1),
	(481, 228, 1),
	(482, 112, 2),
	(483, 147, 1),
	(483, 111, 1),
	(483, 186, 1),
	(483, 163, 1),
	(484, 113, 3),
	(484, 135, 1),
	(485, 202, 1),
	(485, 113, 2),
	(485, 134, 1),
	(485, 127, 1),
	(485, 147, 1),
	(486, 135, 2),
	(486, 113, 2),
	(487, 111, 2),
	(487, 147, 1),
	(488, 150, 3),
	(489, 134, 1),
	(489, 222, 1),
	(489, 193, 3),
	(490, 110, 3),
	(491, 186, 2),
	(492, 165, 1),
	(492, 147, 1),
	(492, 116, 1),
	(492, 207, 1),
	(492, 178, 1),
	(493, 222, 3),
	(493, 203, 4),
	(493, 163, 1),
	(493, 207, 1),
	(494, 224, 2),
	(495, 147, 1),
	(495, 202, 1),
	(495, 111, 1),
	(495, 222, 2),
	(496, 226, 1),
	(496, 222, 1),
	(497, 135, 2),
	(497, 197, 1),
	(498, 111, 1),
	(498, 147, 1),
	(498, 202, 1),
	(498, 162, 1),
	(498, 144, 1),
	(498, 186, 1),
	(498, 207, 1),
	(499, 118, 1),
	(499, 180, 1),
	(499, 229, 1),
	(499, 167, 1),
	(500, 202, 2),
	(500, 134, 2),
	(501, 195, 1),
	(502, 204, 1),
	(503, 140, 2),
	(503, 199, 1),
	(503, 135, 3),
	(503, 207, 4),
	(504, 112, 3),
	(504, 204, 2),
	(504, 220, 2),
	(505, 111, 2),
	(506, 135, 1),
	(506, 180, 1),
	(506, 207, 1),
	(507, 175, 5),
	(508, 211, 1),
	(508, 224, 1),
	(508, 110, 1),
	(508, 165, 1),
	(509, 200, 1),
	(509, 147, 1),
	(509, 124, 1),
	(509, 110, 1),
	(509, 202, 1),
	(509, 134, 1),
	(510, 134, 5),
	(510, 113, 2),
	(510, 110, 5),
	(510, 202, 2),
	(511, 111, 4),
	(511, 207, 1),
	(511, 179, 1),
	(512, 134, 1),
	(512, 186, 1),
	(512, 162, 1),
	(513, 207, 3),
	(513, 111, 2),
	(513, 196, 1),
	(513, 147, 1),
	(514, 165, 1),
	(514, 224, 2),
	(514, 202, 1),
	(515, 202, 1),
	(515, 135, 1),
	(515, 147, 1),
	(515, 162, 1),
	(516, 222, 3),
	(516, 203, 3),
	(516, 163, 1),
	(516, 207, 1),
	(517, 111, 1),
	(517, 119, 1),
	(518, 135, 1),
	(519, 111, 1),
	(520, 198, 1),
	(521, 149, 1),
	(522, 180, 2),
	(523, 104, 1),
	(523, 222, 1),
	(523, 207, 1),
	(523, 147, 1),
	(523, 180, 1),
	(523, 141, 1),
	(523, 201, 1),
	(524, 209, 1),
	(524, 220, 1),
	(524, 201, 1),
	(525, 179, 2),
	(526, 167, 2),
	(527, 111, 4),
	(528, 179, 1),
	(529, 203, 1),
	(529, 135, 2),
	(530, 135, 2),
	(531, 111, 1),
	(531, 222, 2),
	(532, 111, 2),
	(532, 135, 1),
	(533, 212, 1),
	(534, 111, 2),
	(535, 203, 2),
	(536, 128, 1),
	(536, 135, 1),
	(536, 108, 1),
	(536, 203, 1),
	(537, 107, 2),
	(537, 134, 2),
	(537, 202, 2),
	(538, 228, 1),
	(539, 112, 2),
	(540, 111, 1),
	(540, 186, 1),
	(540, 148, 1),
	(540, 163, 1),
	(541, 113, 2),
	(541, 135, 1),
	(542, 113, 1),
	(542, 203, 1),
	(543, 135, 3),
	(543, 113, 3),
	(544, 163, 2),
	(544, 197, 1),
	(545, 111, 2),
	(545, 147, 1),
	(546, 150, 3),
	(546, 167, 1),
	(547, 222, 1),
	(547, 193, 2),
	(547, 134, 1),
	(548, 166, 1),
	(548, 147, 1),
	(548, 208, 1),
	(548, 116, 1),
	(549, 222, 5),
	(549, 203, 4),
	(549, 163, 1),
	(549, 207, 2),
	(550, 226, 1),
	(550, 222, 2),
	(551, 135, 2),
	(551, 197, 1),
	(552, 180, 1),
	(552, 229, 1),
	(552, 120, 1),
	(552, 167, 1),
	(553, 140, 2),
	(553, 135, 3),
	(553, 207, 4),
	(553, 199, 1),
	(554, 111, 2),
	(555, 112, 4),
	(555, 204, 2),
	(555, 220, 2),
	(555, 149, 1),
	(555, 180, 1),
	(556, 180, 1),
	(556, 207, 1),
	(556, 135, 1),
	(557, 186, 5),
	(558, 163, 1),
	(559, 211, 1),
	(559, 224, 1),
	(559, 110, 1),
	(559, 165, 1),
	(560, 134, 1),
	(560, 124, 1),
	(560, 110, 1),
	(560, 147, 1),
	(560, 200, 1),
	(561, 113, 3),
	(561, 202, 2),
	(561, 134, 5),
	(561, 110, 6),
	(562, 111, 4),
	(562, 179, 1),
	(562, 207, 1),
	(563, 186, 1),
	(563, 134, 1),
	(563, 162, 1),
	(564, 111, 1),
	(564, 196, 1),
	(564, 207, 3),
	(564, 147, 1),
	(565, 111, 4),
	(566, 179, 1),
	(567, 135, 2),
	(567, 101, 1),
	(568, 135, 2),
	(568, 196, 1),
	(569, 135, 1),
	(569, 111, 2),
	(570, 111, 2),
	(571, 200, 3),
	(571, 192, 3),
	(571, 179, 5),
	(572, 203, 2),
	(573, 107, 2),
	(573, 202, 2),
	(573, 134, 2),
	(574, 135, 1),
	(574, 203, 1),
	(574, 108, 1),
	(575, 228, 1),
	(576, 112, 2),
	(577, 147, 1),
	(577, 111, 1),
	(577, 186, 1),
	(577, 163, 1),
	(578, 113, 3),
	(578, 135, 1),
	(579, 202, 1),
	(579, 113, 2),
	(579, 134, 1),
	(579, 127, 1),
	(579, 147, 1),
	(580, 135, 2),
	(580, 113, 2),
	(581, 111, 2),
	(581, 147, 1),
	(582, 150, 3),
	(583, 134, 1),
	(583, 222, 1),
	(583, 193, 3),
	(584, 110, 3),
	(585, 186, 2),
	(586, 165, 1),
	(586, 147, 1),
	(586, 116, 1),
	(586, 207, 1),
	(586, 178, 1),
	(587, 222, 3),
	(587, 203, 4),
	(587, 163, 1),
	(587, 207, 1),
	(588, 224, 2),
	(589, 147, 1),
	(589, 202, 1),
	(589, 111, 1),
	(589, 222, 2),
	(590, 226, 1),
	(590, 222, 1),
	(591, 135, 2),
	(591, 197, 1),
	(592, 111, 1),
	(592, 147, 1),
	(592, 202, 1),
	(592, 162, 1),
	(592, 144, 1),
	(592, 186, 1),
	(592, 207, 1),
	(593, 118, 1),
	(593, 180, 1),
	(593, 229, 1),
	(593, 167, 1),
	(594, 202, 2),
	(594, 134, 2),
	(595, 195, 1),
	(596, 204, 1),
	(597, 140, 2),
	(597, 199, 1),
	(597, 135, 3),
	(597, 207, 4),
	(598, 112, 3),
	(598, 204, 2),
	(598, 220, 2),
	(599, 111, 2),
	(600, 135, 1),
	(600, 180, 1),
	(600, 207, 1),
	(601, 175, 5),
	(602, 211, 1),
	(602, 224, 1),
	(602, 110, 1),
	(602, 165, 1),
	(603, 200, 1),
	(603, 147, 1),
	(603, 124, 1),
	(603, 110, 1),
	(603, 202, 1),
	(603, 134, 1),
	(604, 134, 5),
	(604, 113, 2),
	(604, 110, 5),
	(604, 202, 2),
	(605, 111, 4),
	(605, 207, 1),
	(605, 179, 1),
	(606, 134, 1),
	(606, 186, 1),
	(606, 162, 1),
	(607, 207, 3),
	(607, 111, 2),
	(607, 196, 1),
	(607, 147, 1),
	(608, 165, 1),
	(608, 224, 2),
	(608, 202, 1),
	(609, 202, 1),
	(609, 135, 1),
	(609, 147, 1),
	(609, 162, 1),
	(610, 222, 3),
	(610, 203, 3),
	(610, 163, 1),
	(610, 207, 1),
	(611, 111, 1),
	(611, 119, 1),
	(612, 135, 1),
	(613, 111, 1),
	(614, 198, 1),
	(615, 149, 1),
	(616, 180, 2),
	(617, 104, 1),
	(617, 222, 1),
	(617, 207, 1),
	(617, 147, 1),
	(617, 180, 1),
	(617, 141, 1),
	(617, 201, 1),
	(618, 209, 1),
	(618, 220, 1),
	(618, 201, 1),
	(619, 179, 2),
	(620, 167, 2),
	(621, 111, 4),
	(622, 179, 1),
	(623, 203, 1),
	(623, 135, 2),
	(624, 135, 2),
	(625, 111, 1),
	(625, 222, 2),
	(626, 111, 2),
	(626, 135, 1),
	(627, 212, 1),
	(628, 111, 2),
	(629, 203, 2),
	(630, 128, 1),
	(630, 135, 1),
	(630, 108, 1),
	(630, 203, 1),
	(631, 107, 2),
	(631, 134, 2),
	(631, 202, 2),
	(632, 228, 1),
	(633, 112, 2),
	(634, 111, 1),
	(634, 186, 1),
	(634, 148, 1),
	(634, 163, 1),
	(635, 113, 2),
	(635, 135, 1),
	(636, 113, 1),
	(636, 203, 1),
	(637, 135, 3),
	(637, 113, 3),
	(638, 163, 2),
	(638, 197, 1),
	(639, 111, 2),
	(639, 147, 1),
	(640, 150, 3),
	(640, 167, 1),
	(641, 222, 1),
	(641, 193, 2),
	(641, 134, 1),
	(642, 166, 1),
	(642, 147, 1),
	(642, 208, 1),
	(642, 116, 1),
	(643, 222, 5),
	(643, 203, 4),
	(643, 163, 1),
	(643, 207, 2),
	(644, 226, 1),
	(644, 222, 2),
	(645, 135, 2),
	(645, 197, 1),
	(646, 180, 1),
	(646, 229, 1),
	(646, 120, 1),
	(646, 167, 1),
	(647, 140, 2),
	(647, 135, 3),
	(647, 207, 4),
	(647, 199, 1),
	(648, 111, 2),
	(649, 112, 4),
	(649, 204, 2),
	(649, 220, 2),
	(649, 149, 1),
	(649, 180, 1),
	(650, 180, 1),
	(650, 207, 1),
	(650, 135, 1),
	(651, 186, 5),
	(652, 163, 1),
	(653, 211, 1),
	(653, 224, 1),
	(653, 110, 1),
	(653, 165, 1),
	(654, 134, 1),
	(654, 124, 1),
	(654, 110, 1),
	(654, 147, 1),
	(654, 200, 1),
	(655, 113, 3),
	(655, 202, 2),
	(655, 134, 5),
	(655, 110, 6),
	(656, 111, 4),
	(656, 179, 1),
	(656, 207, 1),
	(657, 186, 1),
	(657, 134, 1),
	(657, 162, 1),
	(658, 111, 1),
	(658, 196, 1),
	(658, 207, 3),
	(658, 147, 1),
	(659, 111, 4),
	(660, 179, 1),
	(661, 135, 2),
	(661, 101, 1),
	(662, 135, 2),
	(662, 196, 1),
	(663, 135, 1),
	(663, 111, 2),
	(664, 111, 2),
	(665, 200, 3),
	(665, 192, 3),
	(665, 179, 5),
	(666, 203, 2),
	(667, 107, 2),
	(667, 202, 2),
	(667, 134, 2),
	(668, 135, 1),
	(668, 203, 1),
	(668, 108, 1),
	(669, 228, 1),
	(670, 112, 2),
	(671, 147, 1),
	(671, 111, 1),
	(671, 186, 1),
	(671, 163, 1),
	(672, 113, 3),
	(672, 135, 1),
	(673, 202, 1),
	(673, 113, 2),
	(673, 134, 1),
	(673, 127, 1),
	(673, 147, 1),
	(674, 135, 2),
	(674, 113, 2),
	(675, 111, 2),
	(675, 147, 1),
	(676, 150, 3),
	(677, 134, 1),
	(677, 222, 1),
	(677, 193, 3),
	(678, 110, 3),
	(679, 186, 2),
	(680, 165, 1),
	(680, 147, 1),
	(680, 116, 1),
	(680, 207, 1),
	(680, 178, 1),
	(681, 222, 3),
	(681, 203, 4),
	(681, 163, 1),
	(681, 207, 1),
	(682, 224, 2),
	(683, 147, 1),
	(683, 202, 1),
	(683, 111, 1),
	(683, 222, 2),
	(684, 226, 1),
	(684, 222, 1),
	(685, 135, 2),
	(685, 197, 1),
	(686, 111, 1),
	(686, 147, 1),
	(686, 202, 1),
	(686, 162, 1),
	(686, 144, 1),
	(686, 186, 1),
	(686, 207, 1),
	(687, 118, 1),
	(687, 180, 1),
	(687, 229, 1),
	(687, 167, 1),
	(688, 202, 2),
	(688, 134, 2),
	(689, 195, 1),
	(690, 204, 1),
	(691, 140, 2),
	(691, 199, 1),
	(691, 135, 3),
	(691, 207, 4),
	(692, 112, 3),
	(692, 204, 2),
	(692, 220, 2),
	(693, 111, 2),
	(694, 135, 1),
	(694, 180, 1),
	(694, 207, 1),
	(695, 175, 5),
	(696, 211, 1),
	(696, 224, 1),
	(696, 110, 1),
	(696, 165, 1),
	(697, 200, 1),
	(697, 147, 1),
	(697, 124, 1),
	(697, 110, 1),
	(697, 202, 1),
	(697, 134, 1),
	(698, 134, 5),
	(698, 113, 2),
	(698, 110, 5),
	(698, 202, 2),
	(699, 111, 4),
	(699, 207, 1),
	(699, 179, 1),
	(700, 134, 1),
	(700, 186, 1),
	(700, 162, 1),
	(701, 207, 3),
	(701, 111, 2),
	(701, 196, 1),
	(701, 147, 1),
	(702, 165, 1),
	(702, 224, 2),
	(702, 202, 1),
	(703, 202, 1),
	(703, 135, 1),
	(703, 147, 1),
	(703, 162, 1),
	(704, 222, 3),
	(704, 203, 3),
	(704, 163, 1),
	(704, 207, 1),
	(705, 111, 1),
	(705, 119, 1),
	(706, 135, 1),
	(707, 111, 1),
	(708, 198, 1),
	(709, 149, 1),
	(710, 180, 2),
	(711, 104, 1),
	(711, 222, 1),
	(711, 207, 1),
	(711, 147, 1),
	(711, 180, 1),
	(711, 141, 1),
	(711, 201, 1),
	(712, 209, 1),
	(712, 220, 1),
	(712, 201, 1),
	(713, 179, 2),
	(714, 167, 2),
	(715, 111, 4),
	(716, 179, 1),
	(717, 203, 1),
	(717, 135, 2),
	(718, 135, 2),
	(719, 111, 1),
	(719, 222, 2),
	(720, 111, 2),
	(720, 135, 1),
	(721, 212, 1),
	(722, 111, 2),
	(723, 203, 2),
	(724, 128, 1),
	(724, 135, 1),
	(724, 108, 1),
	(724, 203, 1),
	(725, 107, 2),
	(725, 134, 2),
	(725, 202, 2),
	(726, 228, 1),
	(727, 112, 2),
	(728, 111, 1),
	(728, 186, 1),
	(728, 148, 1),
	(728, 163, 1),
	(729, 113, 2),
	(729, 135, 1),
	(730, 113, 1),
	(730, 203, 1),
	(731, 135, 3),
	(731, 113, 3),
	(732, 163, 2),
	(732, 197, 1),
	(733, 111, 2),
	(733, 147, 1),
	(734, 150, 3),
	(734, 167, 1),
	(735, 222, 1),
	(735, 193, 2),
	(735, 134, 1),
	(736, 166, 1),
	(736, 147, 1),
	(736, 208, 1),
	(736, 116, 1),
	(737, 222, 5),
	(737, 203, 4),
	(737, 163, 1),
	(737, 207, 2),
	(738, 226, 1),
	(738, 222, 2),
	(739, 135, 2),
	(739, 197, 1),
	(740, 180, 1),
	(740, 229, 1),
	(740, 120, 1),
	(740, 167, 1),
	(741, 140, 2),
	(741, 135, 3),
	(741, 207, 4),
	(741, 199, 1),
	(742, 111, 2),
	(743, 112, 4),
	(743, 204, 2),
	(743, 220, 2),
	(743, 149, 1),
	(743, 180, 1),
	(744, 180, 1),
	(744, 207, 1),
	(744, 135, 1),
	(745, 186, 5),
	(746, 163, 1),
	(747, 211, 1),
	(747, 224, 1),
	(747, 110, 1),
	(747, 165, 1),
	(748, 134, 1),
	(748, 124, 1),
	(748, 110, 1),
	(748, 147, 1),
	(748, 200, 1),
	(749, 113, 3),
	(749, 202, 2),
	(749, 134, 5),
	(749, 110, 6),
	(750, 111, 4),
	(750, 179, 1),
	(750, 207, 1),
	(751, 186, 1),
	(751, 134, 1),
	(751, 162, 1),
	(752, 111, 1),
	(752, 196, 1),
	(752, 207, 3),
	(752, 147, 1),
	(753, 111, 4),
	(754, 179, 1),
	(755, 135, 2),
	(755, 101, 1),
	(756, 135, 2),
	(756, 196, 1),
	(757, 135, 1),
	(757, 111, 2),
	(758, 111, 2),
	(759, 200, 3),
	(759, 192, 3),
	(759, 179, 5),
	(760, 203, 2),
	(761, 107, 2),
	(761, 202, 2),
	(761, 134, 2),
	(762, 135, 1),
	(762, 203, 1),
	(762, 108, 1),
	(763, 228, 1),
	(764, 112, 2),
	(765, 147, 1),
	(765, 111, 1),
	(765, 186, 1),
	(765, 163, 1),
	(766, 113, 3),
	(766, 135, 1),
	(767, 202, 1),
	(767, 113, 2),
	(767, 134, 1),
	(767, 127, 1),
	(767, 147, 1),
	(768, 135, 2),
	(768, 113, 2),
	(769, 111, 2),
	(769, 147, 1),
	(770, 150, 3),
	(771, 134, 1),
	(771, 222, 1),
	(771, 193, 3),
	(772, 110, 3),
	(773, 186, 2),
	(774, 165, 1),
	(774, 147, 1),
	(774, 116, 1),
	(774, 207, 1),
	(774, 178, 1),
	(775, 222, 3),
	(775, 203, 4),
	(775, 163, 1),
	(775, 207, 1),
	(776, 224, 2),
	(777, 147, 1),
	(777, 202, 1),
	(777, 111, 1),
	(777, 222, 2),
	(778, 226, 1),
	(778, 222, 1),
	(779, 135, 2),
	(779, 197, 1),
	(780, 111, 1),
	(780, 147, 1),
	(780, 202, 1),
	(780, 162, 1),
	(780, 144, 1),
	(780, 186, 1),
	(780, 207, 1),
	(781, 118, 1),
	(781, 180, 1),
	(781, 229, 1),
	(781, 167, 1),
	(782, 202, 2),
	(782, 134, 2),
	(783, 195, 1),
	(784, 204, 1),
	(785, 140, 2),
	(785, 199, 1),
	(785, 135, 3),
	(785, 207, 4),
	(786, 112, 3),
	(786, 204, 2),
	(786, 220, 2),
	(787, 111, 2),
	(788, 135, 1),
	(788, 180, 1),
	(788, 207, 1),
	(789, 175, 5),
	(790, 211, 1),
	(790, 224, 1),
	(790, 110, 1),
	(790, 165, 1),
	(791, 200, 1),
	(791, 147, 1),
	(791, 124, 1),
	(791, 110, 1),
	(791, 202, 1),
	(791, 134, 1),
	(792, 134, 5),
	(792, 113, 2),
	(792, 110, 5),
	(792, 202, 2),
	(793, 111, 4),
	(793, 207, 1),
	(793, 179, 1),
	(794, 134, 1),
	(794, 186, 1),
	(794, 162, 1),
	(795, 207, 3),
	(795, 111, 2),
	(795, 196, 1),
	(795, 147, 1),
	(796, 165, 1),
	(796, 224, 2),
	(796, 202, 1),
	(797, 202, 1),
	(797, 135, 1),
	(797, 147, 1),
	(797, 162, 1),
	(798, 222, 3),
	(798, 203, 3),
	(798, 163, 1),
	(798, 207, 1),
	(799, 111, 1),
	(799, 119, 1),
	(800, 135, 1),
	(801, 111, 1),
	(802, 198, 1),
	(803, 149, 1),
	(804, 180, 2),
	(805, 104, 1),
	(805, 222, 1),
	(805, 207, 1),
	(805, 147, 1),
	(805, 180, 1),
	(805, 141, 1),
	(805, 201, 1),
	(806, 209, 1),
	(806, 220, 1),
	(806, 201, 1),
	(807, 179, 2),
	(808, 167, 2),
	(809, 111, 4),
	(810, 179, 1),
	(811, 203, 1),
	(811, 135, 2),
	(812, 135, 2),
	(813, 111, 1),
	(813, 222, 2),
	(814, 111, 2),
	(814, 135, 1),
	(815, 212, 1),
	(816, 111, 2),
	(817, 203, 2),
	(818, 128, 1),
	(818, 135, 1),
	(818, 108, 1),
	(818, 203, 1),
	(819, 107, 2),
	(819, 134, 2),
	(819, 202, 2),
	(820, 228, 1),
	(821, 112, 2),
	(822, 111, 1),
	(822, 186, 1),
	(822, 148, 1),
	(822, 163, 1),
	(823, 113, 2),
	(823, 135, 1),
	(824, 113, 1),
	(824, 203, 1),
	(825, 135, 3),
	(825, 113, 3),
	(826, 163, 2),
	(826, 197, 1),
	(827, 111, 2),
	(827, 147, 1),
	(828, 150, 3),
	(828, 167, 1),
	(829, 222, 1),
	(829, 193, 2),
	(829, 134, 1),
	(830, 166, 1),
	(830, 147, 1),
	(830, 208, 1),
	(830, 116, 1),
	(831, 222, 5),
	(831, 203, 4),
	(831, 163, 1),
	(831, 207, 2),
	(832, 226, 1),
	(832, 222, 2),
	(833, 135, 2),
	(833, 197, 1),
	(834, 180, 1),
	(834, 229, 1),
	(834, 120, 1),
	(834, 167, 1),
	(835, 140, 2),
	(835, 135, 3),
	(835, 207, 4),
	(835, 199, 1),
	(836, 111, 2),
	(837, 112, 4),
	(837, 204, 2),
	(837, 220, 2),
	(837, 149, 1),
	(837, 180, 1),
	(838, 180, 1),
	(838, 207, 1),
	(838, 135, 1),
	(839, 186, 5),
	(840, 163, 1),
	(841, 211, 1),
	(841, 224, 1),
	(841, 110, 1),
	(841, 165, 1),
	(842, 134, 1),
	(842, 124, 1),
	(842, 110, 1),
	(842, 147, 1),
	(842, 200, 1),
	(843, 113, 3),
	(843, 202, 2),
	(843, 134, 5),
	(843, 110, 6),
	(844, 111, 4),
	(844, 179, 1),
	(844, 207, 1),
	(845, 186, 1),
	(845, 134, 1),
	(845, 162, 1),
	(846, 111, 1),
	(846, 196, 1),
	(846, 207, 3),
	(846, 147, 1),
	(847, 111, 4),
	(848, 179, 1),
	(849, 135, 2),
	(849, 101, 1),
	(850, 135, 2),
	(850, 196, 1),
	(851, 135, 1),
	(851, 111, 2),
	(852, 111, 2),
	(853, 200, 3),
	(853, 192, 3),
	(853, 179, 5),
	(854, 203, 2),
	(855, 107, 2),
	(855, 202, 2),
	(855, 134, 2),
	(856, 135, 1),
	(856, 203, 1),
	(856, 108, 1),
	(857, 228, 1),
	(858, 112, 2),
	(859, 147, 1),
	(859, 111, 1),
	(859, 186, 1),
	(859, 163, 1),
	(860, 113, 3),
	(860, 135, 1),
	(861, 202, 1),
	(861, 113, 2),
	(861, 134, 1),
	(861, 127, 1),
	(861, 147, 1),
	(862, 135, 2),
	(862, 113, 2),
	(863, 111, 2),
	(863, 147, 1),
	(864, 150, 3),
	(865, 134, 1),
	(865, 222, 1),
	(865, 193, 3),
	(866, 110, 3),
	(867, 186, 2),
	(868, 165, 1),
	(868, 147, 1),
	(868, 116, 1),
	(868, 207, 1),
	(868, 178, 1),
	(869, 222, 3),
	(869, 203, 4),
	(869, 163, 1),
	(869, 207, 1),
	(870, 224, 2),
	(871, 147, 1),
	(871, 202, 1),
	(871, 111, 1),
	(871, 222, 2),
	(872, 226, 1),
	(872, 222, 1),
	(873, 135, 2),
	(873, 197, 1),
	(874, 111, 1),
	(874, 147, 1),
	(874, 202, 1),
	(874, 162, 1),
	(874, 144, 1),
	(874, 186, 1),
	(874, 207, 1),
	(875, 118, 1),
	(875, 180, 1),
	(875, 229, 1),
	(875, 167, 1),
	(876, 202, 2),
	(876, 134, 2),
	(877, 195, 1),
	(878, 204, 1),
	(879, 140, 2),
	(879, 199, 1),
	(879, 135, 3),
	(879, 207, 4),
	(880, 112, 3),
	(880, 204, 2),
	(880, 220, 2),
	(881, 111, 2),
	(882, 135, 1),
	(882, 180, 1),
	(882, 207, 1),
	(883, 175, 5),
	(884, 211, 1),
	(884, 224, 1),
	(884, 110, 1),
	(884, 165, 1),
	(885, 200, 1),
	(885, 147, 1),
	(885, 124, 1),
	(885, 110, 1),
	(885, 202, 1),
	(885, 134, 1),
	(886, 134, 5),
	(886, 113, 2),
	(886, 110, 5),
	(886, 202, 2),
	(887, 111, 4),
	(887, 207, 1),
	(887, 179, 1),
	(888, 134, 1),
	(888, 186, 1),
	(888, 162, 1),
	(889, 207, 3),
	(889, 111, 2),
	(889, 196, 1),
	(889, 147, 1),
	(890, 165, 1),
	(890, 224, 2),
	(890, 202, 1),
	(891, 202, 1),
	(891, 135, 1),
	(891, 147, 1),
	(891, 162, 1),
	(892, 222, 3),
	(892, 203, 3),
	(892, 163, 1),
	(892, 207, 1),
	(893, 111, 1),
	(893, 119, 1),
	(894, 135, 1),
	(895, 111, 1),
	(896, 198, 1),
	(897, 149, 1),
	(898, 180, 2),
	(899, 104, 1),
	(899, 222, 1),
	(899, 207, 1),
	(899, 147, 1),
	(899, 180, 1),
	(899, 141, 1),
	(899, 201, 1),
	(900, 209, 1),
	(900, 220, 1),
	(900, 201, 1),
	(901, 179, 2),
	(902, 167, 2),
	(903, 111, 4),
	(904, 179, 1),
	(905, 203, 1),
	(905, 135, 2),
	(906, 135, 2),
	(907, 111, 1),
	(907, 222, 2),
	(908, 111, 2),
	(908, 135, 1),
	(909, 212, 1),
	(910, 111, 2),
	(911, 203, 2),
	(912, 128, 1),
	(912, 135, 1),
	(912, 108, 1),
	(912, 203, 1),
	(913, 107, 2),
	(913, 134, 2),
	(913, 202, 2),
	(914, 228, 1),
	(915, 112, 2),
	(916, 111, 1),
	(916, 186, 1),
	(916, 148, 1),
	(916, 163, 1),
	(917, 113, 2),
	(917, 135, 1),
	(918, 113, 1),
	(918, 203, 1),
	(919, 135, 3),
	(919, 113, 3),
	(920, 163, 2),
	(920, 197, 1),
	(921, 111, 2),
	(921, 147, 1),
	(922, 150, 3),
	(922, 167, 1),
	(923, 222, 1),
	(923, 193, 2),
	(923, 134, 1),
	(924, 166, 1),
	(924, 147, 1),
	(924, 208, 1),
	(924, 116, 1),
	(925, 222, 5),
	(925, 203, 4),
	(925, 163, 1),
	(925, 207, 2),
	(926, 226, 1),
	(926, 222, 2),
	(927, 135, 2),
	(927, 197, 1),
	(928, 180, 1),
	(928, 229, 1),
	(928, 120, 1),
	(928, 167, 1),
	(929, 140, 2),
	(929, 135, 3),
	(929, 207, 4),
	(929, 199, 1),
	(930, 111, 2),
	(931, 112, 4),
	(931, 204, 2),
	(931, 220, 2),
	(931, 149, 1),
	(931, 180, 1),
	(932, 180, 1),
	(932, 207, 1),
	(932, 135, 1),
	(933, 186, 5),
	(934, 163, 1),
	(935, 211, 1),
	(935, 224, 1),
	(935, 110, 1),
	(935, 165, 1),
	(936, 134, 1),
	(936, 124, 1),
	(936, 110, 1),
	(936, 147, 1),
	(936, 200, 1),
	(937, 113, 3),
	(937, 202, 2),
	(937, 134, 5),
	(937, 110, 6),
	(938, 111, 4),
	(938, 179, 1),
	(938, 207, 1),
	(939, 186, 1),
	(939, 134, 1),
	(939, 162, 1),
	(940, 111, 1),
	(940, 196, 1),
	(940, 207, 3),
	(940, 147, 1);